Country,Issuer,Denomination,Year,Mintmark,Subject,"Value, USD (CoinSnap) ",Krause Number,Value (MY),Grading,Note,Obverse photo,Reverse photo
SU,USSR,1 ruble,1965,No mintmark,20th Anniversary of World War II,0.76,,,,,https://static.coinidentifierai.com/app/prod/recognize/subject_side/194657650/4a8fb3d3-90c8-4f50-80a0-d2ad795655dd.png,https://static.coinidentifierai.com/app/prod/recognize/denomination_side/194657650/5b1d3c46-f298-4ea0-8449-17cc9db24d97.png
SU,USSR,1 ruble,1970,No mintmark,100th Anniversary - Birth of Vladimir Lenin,0.7,,,,,https://static.coinidentifierai.com/app/prod/recognize/subject_side/194657650/d7695365-2d2e-4bd1-a284-bc8b89ede99e.png,https://static.coinidentifierai.com/app/prod/recognize/denomination_side/194657650/841bf2fa-a58d-4b82-9162-84d357ed287f.png
SU,USSR,5 kopeks,1955,No mintmark,Common series,0.72,,,,,https://static.coinidentifierai.com/app/prod/recognize/subject_side/194657650/41282b7b-edf9-40ee-bec9-242d7ebfe1e6.png,https://static.coinidentifierai.com/app/prod/recognize/denomination_side/194657650/4fe98657-131a-4f4a-97f6-fb6ea8916299.png
SU,USSR,3 kopeks,1943,No mintmark,Common series,0.64,,,,,https://static.coinidentifierai.com/app/prod/recognize/subject_side/194657650/6061e2ee-675e-446e-966a-7c090f5eaa99.png,https://static.coinidentifierai.com/app/prod/recognize/denomination_side/194657650/252b633f-0483-4711-b083-9dd619520f86.png
SU,USSR,15 kopeks,1952,No mintmark,Common series,0.36,,,,,https://static.coinidentifierai.com/app/prod/recognize/subject_side/194657650/27add853-f7ff-4bfd-9b11-2f04b2634321.png,https://static.coinidentifierai.com/app/prod/recognize/denomination_side/194657650/de5224c9-94a5-43d0-82f1-ede4addc6a81.png
SU,USSR,20 kopeks,1924,No mintmark,Common series,2.47,,,,,https://static.coinidentifierai.com/app/prod/recognize/subject_side/194657650/d4e75654-f578-402e-ad49-8fdf3bfa2afa.png,https://static.coinidentifierai.com/app/prod/recognize/denomination_side/194657650/fa3361fd-1d00-4db7-8629-c907b8a5e166.png
SU,USSR,1 ruble,1964,No mintmark,Common series,0.25,,,,,https://static.coinidentifierai.com/app/prod/recognize/subject_side/194657650/44a9387d-d8ec-4c86-810c-0ce9fc6c3167.png,https://static.coinidentifierai.com/app/prod/recognize/denomination_side/194657650/cda495ed-9029-4779-a75a-b9cb4a349330.png
SU,USSR,50 kopeks,1961,No mintmark,Common series,2.71,,,,,https://static.coinidentifierai.com/app/prod/recognize/subject_side/194657650/ead530c5-6aa8-4052-8777-f78b65f532fa.png,https://static.coinidentifierai.com/app/prod/recognize/denomination_side/194657650/17d27421-ae83-47e4-b446-9451d796914f.png
SU,USSR,20 kopeks,1961,No mintmark,Common series,0.09,,,,,https://static.coinidentifierai.com/app/prod/recognize/subject_side/194657650/0b613028-0c71-48d6-bc13-9c69604620da.png,https://static.coinidentifierai.com/app/prod/recognize/denomination_side/194657650/4af593cc-9da9-45e9-a809-0e5c1a8f55ac.png
SU,USSR,15 kopeks,1961,No mintmark,Common series,0.13,,,,,https://static.coinidentifierai.com/app/prod/recognize/subject_side/194657650/66e487d9-f792-4c4a-90d8-228591bcd3b2.png,https://static.coinidentifierai.com/app/prod/recognize/denomination_side/194657650/e0e85591-092f-49e9-9060-6960eeee669b.png
SU,USSR,5 kopeks,1961,No mintmark,Common series,0.14,,,,,https://static.coinidentifierai.com/app/prod/recognize/subject_side/194657650/1c1e864f-57f6-4ec9-b4b1-1cbaa234d391.png,https://static.coinidentifierai.com/app/prod/recognize/denomination_side/194657650/4ac1c4ae-91d9-46b8-afb1-4e6e24f9a03e.png
SU,USSR,10 kopeks,1961,No mintmark,Common series,0.08,,,,,https://static.coinidentifierai.com/app/prod/recognize/subject_side/194657650/ee4b06de-5d9c-4528-9a04-3a4d49220960.png,https://static.coinidentifierai.com/app/prod/recognize/denomination_side/194657650/665c09ce-f14b-460c-929e-323dc86419aa.png
SU,USSR,3 kopeks,1961,No mintmark,Common series,0.11,,,,,https://static.coinidentifierai.com/app/prod/recognize/subject_side/194657650/2cd425f9-f692-4c99-85a0-23c208d697f2.png,https://static.coinidentifierai.com/app/prod/recognize/denomination_side/194657650/347466c2-e467-4e62-a96b-dea31d0c0be0.png
SU,USSR,2 kopeks,1989,No mintmark,Common series,0.06,,,,,https://static.coinidentifierai.com/app/prod/recognize/subject_side/194657650/6c5ca654-2e48-47bc-9650-e9b46b57e6bc.png,https://static.coinidentifierai.com/app/prod/recognize/denomination_side/194657650/6eb9c558-e2d8-469e-907b-8d26fb88ae45.png
SU,USSR,1 kopek,1990,No mintmark,Common series,0.07,,,,,https://static.coinidentifierai.com/app/prod/recognize/subject_side/194657650/1a3f30ce-66ad-405f-a473-39822b0a2af6.png,https://static.coinidentifierai.com/app/prod/recognize/denomination_side/194657650/26a84bf5-e052-4218-ba8b-e00c686221f5.png
SU,USSR,1 ruble,1967,No mintmark,50th Anniversary - Soviet Union Government,0.8,,,,,https://static.coinidentifierai.com/app/prod/recognize/subject_side/194657650/a240305f-3581-4fc9-9cc2-ecd9b5f1fd5a.png,https://static.coinidentifierai.com/app/prod/recognize/denomination_side/194657650/faa55038-f91f-41c9-a550-330777166597.png
SU,USSR,50 kopeks,1967,No mintmark,50th Anniversary of Revolution,0.49,,,,,https://static.coinidentifierai.com/app/prod/recognize/subject_side/194657650/761d5b35-7ea8-43dc-8f82-4476011d542f.png,https://static.coinidentifierai.com/app/prod/recognize/denomination_side/194657650/58ec937c-2b9a-4994-9d5b-e7a944631cb1.png
SU,USSR,20 kopeks,1967,No mintmark,50th Anniversary of Revolution,0.84,,,,,https://static.coinidentifierai.com/app/prod/recognize/subject_side/194657650/8f54932e-fe2e-44b0-918c-15d4ed4cc21f.png,https://static.coinidentifierai.com/app/prod/recognize/denomination_side/194657650/a1647b5d-6e1e-4f04-88c7-faafc17e0fee.png
SU,USSR,10 kopeks,1967,No mintmark,50th Anniversary of Revolution,0.76,,,,,https://static.coinidentifierai.com/app/prod/recognize/subject_side/194657650/193f339f-41ba-418d-bc95-77024ad8e6b9.png,https://static.coinidentifierai.com/app/prod/recognize/denomination_side/194657650/429b764b-285d-4108-9499-0379a80f1bdb.png
AT,Austria,10 hellers,1915,No mintmark,Common series,0.43,KM# 2822,,,,https://static.coinidentifierai.com/app/prod/recognize/subject_side/194657650/fad66a1b-4d42-42e3-82e2-77fc97bd378b.png,https://static.coinidentifierai.com/app/prod/recognize/denomination_side/194657650/4f76c598-08f8-4272-be59-d55014f973e1.png
AT,Austria,10 hellers,1895,No mintmark,Common series,0.4,KM# 2802,,,,https://static.coinidentifierai.com/app/prod/recognize/subject_side/194657650/8ab7a1e2-4c00-4d2f-8395-6543a02356a3.png,https://static.coinidentifierai.com/app/prod/recognize/denomination_side/194657650/42a1d642-705e-48cc-993a-f29e8bb3e0c5.png
AT,Austria,2 hellers,1914,No mintmark,Common series,0.39,KM# 2801,,,,https://static.coinidentifierai.com/app/prod/recognize/subject_side/194657650/40891ebf-a7d4-4357-b8d8-ffcfa56d0ae9.png,https://static.coinidentifierai.com/app/prod/recognize/denomination_side/194657650/697763be-651e-4284-b032-1d1f823248a8.png
HU,Hungary,2 filler,1897,K·B,Common series,0.65,KM# 481,,,,https://static.coinidentifierai.com/app/prod/recognize/subject_side/194657650/7e11bebb-19c7-4456-b19a-d967472607c4.png,https://static.coinidentifierai.com/app/prod/recognize/denomination_side/194657650/8e48a49c-0253-437c-88ef-da688554f2f2.png
AT,Austria,2 hellers,1911,No mintmark,Common series,0.68,KM# 2801,,,,https://static.coinidentifierai.com/app/prod/recognize/subject_side/194657650/223025f5-cb68-4b0d-b2cb-5b6ac026b73e.png,https://static.coinidentifierai.com/app/prod/recognize/denomination_side/194657650/96898220-bc0d-4447-a1a3-1dd5216c16e9.png
RU,Russia,5 rubles,1997,CПMД,Common series,0.1,,,,,https://static.coinidentifierai.com/app/prod/recognize/subject_side/194657650/cb4c0a21-0d00-49db-bb06-b2fcfd25f794.png,https://static.coinidentifierai.com/app/prod/recognize/denomination_side/194657650/0f6d8fb9-15b6-491b-8d10-cfebe5854203.png
RU,Russia,2 rubles,1997,CПMД,Common series,0.04,,,,,https://static.coinidentifierai.com/app/prod/recognize/subject_side/194657650/36bd4173-a523-4407-8514-6fa8414974f6.png,https://static.coinidentifierai.com/app/prod/recognize/denomination_side/194657650/f385ae8d-dabe-4af7-9b66-a69cfc58fc8e.png
RU,Russia,1 ruble,1997,CПMД,Common series,0.02,,,,,https://static.coinidentifierai.com/app/prod/recognize/subject_side/194657650/f6cb00e3-9b49-44d4-bf0f-bec2f985fa0b.png,https://static.coinidentifierai.com/app/prod/recognize/denomination_side/194657650/ac294863-25a4-4dc8-9d84-5b286805a995.png
RU,Russia,1 ruble,1999,CПMД,200th Anniversary - Birth of Alexander Pushkin,4.82,,,,,https://static.coinidentifierai.com/app/prod/recognize/subject_side/194657650/00f5c6bd-e2ea-4f37-b309-4c5ed3124918.png,https://static.coinidentifierai.com/app/prod/recognize/denomination_side/194657650/e0b173e1-c9f8-4946-b4cb-e064a3e75c8b.png
RU,Russia,1 kopek,1998,CП,Common series,0.08,,,,,https://static.coinidentifierai.com/app/prod/recognize/subject_side/194657650/f3cef86c-fba6-4913-a786-2cf3266fa180.png,https://static.coinidentifierai.com/app/prod/recognize/denomination_side/194657650/357ac6f5-bfca-4807-a9da-098df1a5320e.png
RU,Russia,50 kopeks,1998,CП,Common series,0.03,,,,,https://static.coinidentifierai.com/app/prod/recognize/subject_side/194657650/a0249b40-5250-4aa3-b99a-f9531e4bcaf3.png,https://static.coinidentifierai.com/app/prod/recognize/denomination_side/194657650/4e7f067e-f322-4a34-98fd-b308e5b3e0ab.png
RU,Russia,10 kopeks,1997,CП,Common series,0.09,,,,,https://static.coinidentifierai.com/app/prod/recognize/subject_side/194657650/a281a1cd-295e-4a7d-92f8-5f6e174bed20.png,https://static.coinidentifierai.com/app/prod/recognize/denomination_side/194657650/57a9315d-a828-4f89-a489-a1c02d634c79.png
RU,Russia,5 kopeks,1997,CП,Common series,0.09,,,,,https://static.coinidentifierai.com/app/prod/recognize/subject_side/194657650/e2ff21de-3ecb-4e7b-b83b-5b15faf4cc6a.png,https://static.coinidentifierai.com/app/prod/recognize/denomination_side/194657650/573e6315-7d2e-45a3-a807-9d7593505ec5.png
RU,Russia,50 rubles,1993,MMД,Common series,0.26,,,,,https://static.coinidentifierai.com/app/prod/recognize/subject_side/194657650/4ea1bd9d-7476-4118-a628-6c8a30afda0c.png,https://static.coinidentifierai.com/app/prod/recognize/denomination_side/194657650/8fa4f018-60f6-4030-910f-5d24abf9f344.png
RU,Russia,20 rubles,1992,LMD,Common series,0.23,,,,,https://static.coinidentifierai.com/app/prod/recognize/subject_side/194657650/7507a385-9c0a-48ff-8460-f2062780944c.png,https://static.coinidentifierai.com/app/prod/recognize/denomination_side/194657650/57efc9be-5aae-4c14-a81d-ac0c745cc0ee.png
RU,Russia,10 rubles,1993,MMD,Common series,0.17,,,,,https://static.coinidentifierai.com/app/prod/recognize/subject_side/194657650/6bc72937-7cb5-4aa2-8658-f1804e66b2b4.png,https://static.coinidentifierai.com/app/prod/recognize/denomination_side/194657650/93f3119b-908f-4820-ab2d-9338ce8bb670.png
RU,Russia,5 rubles,1992,M,Common series,0.14,,,,,https://static.coinidentifierai.com/app/prod/recognize/subject_side/194657650/8db99d52-f312-400c-8881-f16a0d334a5e.png,https://static.coinidentifierai.com/app/prod/recognize/denomination_side/194657650/18a733b1-99aa-41a2-a7e7-8c659257af92.png
RU,Russia,1 ruble,1992,L,Common series,0.13,,,,,https://static.coinidentifierai.com/app/prod/recognize/subject_side/194657650/e1588a80-ce73-460a-b164-1aa35b10d6a2.png,https://static.coinidentifierai.com/app/prod/recognize/denomination_side/194657650/3afe4024-6f64-4983-a897-15535f68cf4f.png
UA,Ukraine,1 hryvnia,1996,No mintmark,Common series,2.71,KM# 8a,,,,https://static.coinidentifierai.com/app/prod/recognize/subject_side/194657650/d203fa90-4158-4adc-8250-e669d15abc7c.png,https://static.coinidentifierai.com/app/prod/recognize/denomination_side/194657650/6313dbd7-ff70-4a6f-9b04-e0bf5df4cc5a.png
UA,Ukraine,50 kopiyok,1992,No mintmark,Common series,0.03,KM# 3.3a,,,,https://static.coinidentifierai.com/app/prod/recognize/subject_side/194657650/9f89807d-8bd1-4174-8682-1f930d0b92b6.png,https://static.coinidentifierai.com/app/prod/recognize/denomination_side/194657650/87889e19-057e-4fde-86de-4e6f72bc4ffc.png
UA,Ukraine,25 kopiyok,1992,No mintmark,Common series,0.11,KM# 2.1a,,,,https://static.coinidentifierai.com/app/prod/recognize/subject_side/194657650/b918d444-26dc-4cb7-9ed9-d27dce9e39fc.png,https://static.coinidentifierai.com/app/prod/recognize/denomination_side/194657650/8cc702ef-f3ed-4660-8d40-09720d47d6b5.png
UA,Ukraine,10 kopiyok,1992,No mintmark,Common series,0.07,KM# 1.1a,,,,https://static.coinidentifierai.com/app/prod/recognize/subject_side/194657650/d570810d-8213-4d77-8935-ee42b32aff8e.png,https://static.coinidentifierai.com/app/prod/recognize/denomination_side/194657650/df6a9dc0-91c6-44ee-827e-439d36d28df7.png
UA,Ukraine,5 kopiyok,1992,No mintmark,Common series,0.04,KM# 7a,,,,https://static.coinidentifierai.com/app/prod/recognize/subject_side/194657650/92102d2d-b182-4c70-97d9-ba469d8462f9.png,https://static.coinidentifierai.com/app/prod/recognize/denomination_side/194657650/2559e4a9-855b-48c1-a4a9-08964250c8d5.png
UA,Ukraine,2 kopiyky,1993,No mintmark,Common series,0.1,KM# 4a,,,,https://static.coinidentifierai.com/app/prod/recognize/subject_side/194657650/8a582a92-669a-4cf4-b89e-aa10454479f4.png,https://static.coinidentifierai.com/app/prod/recognize/denomination_side/194657650/157b2c1d-5908-4227-8b6b-965a20876eb6.png
UA,Ukraine,2 kopiyky,2001,No mintmark,Common series,0.07,KM# 4b,,,,https://static.coinidentifierai.com/app/prod/recognize/subject_side/194657650/7e97399a-c39f-49f0-bf16-0b42a79747e8.png,https://static.coinidentifierai.com/app/prod/recognize/denomination_side/194657650/ce88820e-d95b-4e1c-aad6-876a59067e85.png
UA,Ukraine,1 kopiyka,1992,No mintmark,Common series,0.1,KM# 6a,,,,https://static.coinidentifierai.com/app/prod/recognize/subject_side/194657650/1c6118d3-ab61-4940-b6c4-0042bb18be95.png,https://static.coinidentifierai.com/app/prod/recognize/denomination_side/194657650/6d0ca8cc-0d37-4a39-8660-55331b82c88f.png
UA,Ukraine,1 hryvnia,2004,No mintmark,60 Years of Liberation of Ukraine from Fascist Invaders,0.55,KM# 208,,,,https://static.coinidentifierai.com/app/prod/recognize/subject_side/194657650/12e4bf87-0441-491f-bd2e-5fb91d297401.png,https://static.coinidentifierai.com/app/prod/recognize/denomination_side/194657650/4c2af9e7-b8b3-4bbb-98cb-4d6b6e974618.png
UA,Ukraine,1 hryvnia,2005,No mintmark,Volodymyr the Great,0.17,KM# 209,,,,https://static.coinidentifierai.com/app/prod/recognize/subject_side/194657650/722ff7f1-357c-450f-b235-b58e43e7fa31.png,https://static.coinidentifierai.com/app/prod/recognize/denomination_side/194657650/f82e36ac-03ee-4303-a45c-26c36bfb5392.png
UA,Ukraine,1 hryvnia,2022,No mintmark,Common series,0.67,,,,,https://static.coinidentifierai.com/app/prod/recognize/subject_side/194657650/3ca7169b-d04b-4a46-9730-611f9b87d46c.png,https://static.coinidentifierai.com/app/prod/recognize/denomination_side/194657650/f0792a1c-ddf4-43bc-a47d-1f3f745309ff.png
UA,Ukraine,200000 karbovantsiv,1995,Proof,Hero-Cities of Ukraine - Kyiv,7.29,KM# 13,,,,https://static.coinidentifierai.com/app/prod/recognize/subject_side/194657650/b7e7515c-3c41-4c80-be6f-23bc13b3fbc1.png,https://static.coinidentifierai.com/app/prod/recognize/denomination_side/194657650/6d956ac7-4c77-4f21-904a-fcf4c2c19335.png
UA,Ukraine,200000 karbovantsiv,1995,Proof,Hero-Cities of Ukraine - Odessa,12.45,KM# 12,,,,https://static.coinidentifierai.com/app/prod/recognize/subject_side/194657650/5423f16f-352f-4d80-87ee-147faec520c3.png,https://static.coinidentifierai.com/app/prod/recognize/denomination_side/194657650/69c092c8-0ca5-4cf2-8af7-c00d2f6ecd9a.png
HU,Hungary,2 pengő,1941,Base of 2 is flat,Common series,0.61,KM# 522.1,,,,https://static.coinidentifierai.com/app/prod/recognize/subject_side/194657650/7980996c-f1d0-486c-b94f-f5b2f88a5f6d.png,https://static.coinidentifierai.com/app/prod/recognize/denomination_side/194657650/215224c9-1dea-4be6-afa6-8b9a70090015.png
HU,Hungary,1 pengő,1944,BP,Common series,0.6,KM# 521,,,,https://static.coinidentifierai.com/app/prod/recognize/subject_side/194657650/b882706c-bc73-4239-8e8d-e9aa42714be1.png,https://static.coinidentifierai.com/app/prod/recognize/denomination_side/194657650/a696be26-53ad-45ad-92e9-f2728c990f01.png
HU,Hungary,20 filler,1941,BP,Common series,0.71,KM# 520,,,,https://static.coinidentifierai.com/app/prod/recognize/subject_side/194657650/428dcc20-54ed-43fe-b745-a53d3decc31f.png,https://static.coinidentifierai.com/app/prod/recognize/denomination_side/194657650/7ca535f7-9578-49bd-9d61-7f9c5353cd69.png
HU,Hungary,10 filler,1942,BP,Common series,0.62,KM# 507a,,,,https://static.coinidentifierai.com/app/prod/recognize/subject_side/194657650/0091e9f4-0efd-49d6-8f20-db7384c86656.png,https://static.coinidentifierai.com/app/prod/recognize/denomination_side/194657650/c305551c-f1e8-46c9-9fe6-19fffe37cb17.png
HU,Hungary,2 filler,1937,BP,Common series,0.7,KM# 506,,,,https://static.coinidentifierai.com/app/prod/recognize/subject_side/194657650/9a29dad3-bfa8-49a6-a95b-b271741ba5f7.png,https://static.coinidentifierai.com/app/prod/recognize/denomination_side/194657650/88987eff-85ed-476b-8b56-3a8c1a8ffa69.png
HU,Hungary,1 filler,1938,BP,Common series,1.28,KM# 505,,,,https://static.coinidentifierai.com/app/prod/recognize/subject_side/194657650/c1485f58-5ba5-4b5a-b8d8-b7ff69b9967d.png,https://static.coinidentifierai.com/app/prod/recognize/denomination_side/194657650/d02c2f54-f4ef-4c70-b965-61e11f552c6f.png
UA,Ukraine,200000 karbovantsiv,1996,Proof,100th Anniversary - Modern Olympic Games,6.5,KM# 24,,,,https://static.coinidentifierai.com/app/prod/recognize/subject_side/194657650/14eb36b8-234a-4780-a199-b863f8cefdef.png,https://static.coinidentifierai.com/app/prod/recognize/denomination_side/194657650/a8f5809b-110a-4e67-abbc-0be4885be22d.png
HU,Hungary,20 forint,1984,BP,Common series,0.17,KM# 630,,,,https://static.coinidentifierai.com/app/prod/recognize/subject_side/194657650/f574180f-645a-4797-8828-79626a7d8cc6.png,https://static.coinidentifierai.com/app/prod/recognize/denomination_side/194657650/4ca17002-c818-42f4-8760-ea1c37151aaf.png
HU,Hungary,10 forint,1972,BP,Common series,0.52,KM# 595,,,,https://static.coinidentifierai.com/app/prod/recognize/subject_side/194657650/16b51a4c-ed7f-48ea-8520-33ca52032664.png,https://static.coinidentifierai.com/app/prod/recognize/denomination_side/194657650/c9aa82b8-3767-4296-9165-d87ba063ff8d.png
HU,Hungary,10 forint,1987,BP,Common series,0.26,KM# 636,,,,https://static.coinidentifierai.com/app/prod/recognize/subject_side/194657650/2716627f-7232-40c9-afb1-ad20bd165b07.png,https://static.coinidentifierai.com/app/prod/recognize/denomination_side/194657650/cdb5d1a5-43b0-449a-ad42-2bc2eb4ecb17.png
HU,Hungary,5 forint,1980,BP,Common series,0.53,KM# 594,,,,https://static.coinidentifierai.com/app/prod/recognize/subject_side/194657650/3b379801-5c7b-4564-8bc3-0f9d28e1b53f.png,https://static.coinidentifierai.com/app/prod/recognize/denomination_side/194657650/08d75dce-386f-489f-8644-7ade67ba97d1.png
HU,Hungary,5 forint,1989,BP,Common series,0.19,KM# 635,,,,https://static.coinidentifierai.com/app/prod/recognize/subject_side/194657650/dd9a152b-3c08-4290-b5c8-b56f6477f72d.png,https://static.coinidentifierai.com/app/prod/recognize/denomination_side/194657650/d06c5ca3-4c2b-44d1-93c4-2fe1862a4d71.png
HU,Hungary,5 forint,1967,BP,Common series,2.0,KM# 576,,,,https://static.coinidentifierai.com/app/prod/recognize/subject_side/194657650/b76371fd-05a4-49fe-9ba5-fd6d44aa1e9e.png,https://static.coinidentifierai.com/app/prod/recognize/denomination_side/194657650/1bcd19f9-f66c-425f-8da9-5e8ac1966982.png
HU,Hungary,2 forint,1966,BP,Common series,0.64,KM# 556a,,,,https://static.coinidentifierai.com/app/prod/recognize/subject_side/194657650/8ac89bc8-c158-4bdf-b313-5c489ce906de.png,https://static.coinidentifierai.com/app/prod/recognize/denomination_side/194657650/1d8b3302-1160-4c97-a682-fed797fea9b9.png
HU,Hungary,2 forint,1977,BP,Common series,0.13,KM# 591,,,,https://static.coinidentifierai.com/app/prod/recognize/subject_side/194657650/a6713776-a1cc-4201-952c-bd8b88d74d06.png,https://static.coinidentifierai.com/app/prod/recognize/denomination_side/194657650/9fcd553d-84cb-4386-aa61-030e48380a08.png
HU,Hungary,1 forint,1989,BP,Common series,0.14,KM# 575,,,,https://static.coinidentifierai.com/app/prod/recognize/subject_side/194657650/32c31ded-e883-4fa1-aa1d-be95de8f67dc.png,https://static.coinidentifierai.com/app/prod/recognize/denomination_side/194657650/7d0da0c2-a9dd-4c9f-8c01-227f1ed625f5.png
HU,Hungary,50 filler,1982,BP,Common series,0.17,KM# 574,,,,https://static.coinidentifierai.com/app/prod/recognize/subject_side/194657650/fcb003d6-a951-4d5d-9b9a-530945b81816.png,https://static.coinidentifierai.com/app/prod/recognize/denomination_side/194657650/e23de71b-2943-4e81-a53f-de3c0ed10f13.png
HU,Hungary,20 filler,1984,BP,Common series,0.1,KM# 573,,,,https://static.coinidentifierai.com/app/prod/recognize/subject_side/194657650/d2f3a3f6-3ce1-4e18-b017-f2bdcdbd2555.png,https://static.coinidentifierai.com/app/prod/recognize/denomination_side/194657650/d3d15a3d-e4f6-406d-8744-ba23fe9159fb.png
HU,Hungary,10 filler,1989,BP,Common series,0.11,KM# 572,,,,https://static.coinidentifierai.com/app/prod/recognize/subject_side/194657650/f2d56da9-c0fd-4aa8-a7a2-72147654db0b.png,https://static.coinidentifierai.com/app/prod/recognize/denomination_side/194657650/587db0ba-f53c-48c9-a61e-d6c11cb44a5d.png
HU,Hungary,5 filler,1960,BP,Common series,0.33,KM# 549,,,,https://static.coinidentifierai.com/app/prod/recognize/subject_side/194657650/f06b2e50-4eee-4bba-b5d5-5da454d04071.png,https://static.coinidentifierai.com/app/prod/recognize/denomination_side/194657650/c08aec8c-a3a0-443d-8d17-e6b575c19c2b.png
HU,Hungary,2 filler,1962,BP,Common series,0.39,KM# 546,,,,https://static.coinidentifierai.com/app/prod/recognize/subject_side/194657650/fa902750-2b83-40d8-8687-846c5f7259e2.png,https://static.coinidentifierai.com/app/prod/recognize/denomination_side/194657650/67efb871-6c18-4f1e-ae59-e6b99042479b.png
HU,Hungary,200 forint,1994,BP,Common series,7.56,KM# 707,,,,https://static.coinidentifierai.com/app/prod/recognize/subject_side/194657650/4edabb1a-dcbd-4674-bd9f-706a7e710423.png,https://static.coinidentifierai.com/app/prod/recognize/denomination_side/194657650/bc4e487f-21b5-4b6d-bbb7-f0ac372d5e3a.png
HU,Hungary,100 forint,1997,BP,Common series,0.58,KM# 721,,,,https://static.coinidentifierai.com/app/prod/recognize/subject_side/194657650/63c16ee2-0bf5-4d2f-8fbf-89fff2fa9b9a.png,https://static.coinidentifierai.com/app/prod/recognize/denomination_side/194657650/3a2a73cf-aa68-442a-b741-f4044aa8b07e.png
HU,Hungary,100 forint,1994,BP,Common series,0.58,KM# 698,,,,https://static.coinidentifierai.com/app/prod/recognize/subject_side/194657650/774ac3ce-bc1d-4d76-a239-f7adae333e04.png,https://static.coinidentifierai.com/app/prod/recognize/denomination_side/194657650/8f4e2733-472e-48f4-99ca-46d139b3bc44.png
HU,Hungary,50 forint,1995,BP,Common series,0.37,KM# 697,,,,https://static.coinidentifierai.com/app/prod/recognize/subject_side/194657650/a1bf8eb8-b949-4f18-8458-f5c78083e519.png,https://static.coinidentifierai.com/app/prod/recognize/denomination_side/194657650/ae41f296-d1a6-4bb8-8849-bcca0f62e0af.png
HU,Hungary,20 forint,1995,BP,Common series,0.24,KM# 696,,,,https://static.coinidentifierai.com/app/prod/recognize/subject_side/194657650/369bf3a9-09eb-4ae6-adab-7d7226605ce3.png,https://static.coinidentifierai.com/app/prod/recognize/denomination_side/194657650/019cf5db-0d17-4a3e-bce0-421759561285.png
HU,Hungary,10 forint,1995,BP,Common series,0.18,KM# 695,,,,https://static.coinidentifierai.com/app/prod/recognize/subject_side/194657650/27988a6e-668f-4a04-817c-0ca65f2bf0f2.png,https://static.coinidentifierai.com/app/prod/recognize/denomination_side/194657650/78030170-b361-48cb-9aa4-e719f5246ddf.png
HU,Hungary,5 forint,1994,BP,Common series,0.15,KM# 694,,,,https://static.coinidentifierai.com/app/prod/recognize/subject_side/194657650/d3dc0fb1-93b5-484e-bc78-66db416c7e82.png,https://static.coinidentifierai.com/app/prod/recognize/denomination_side/194657650/a1d062dd-25a4-4196-8321-f7c83cfe4ea6.png
HU,Hungary,2 forint,1996,BP,Common series,0.13,KM# 693,,,,https://static.coinidentifierai.com/app/prod/recognize/subject_side/194657650/e19f1037-468f-414b-b0ec-0241fcea7668.png,https://static.coinidentifierai.com/app/prod/recognize/denomination_side/194657650/87368930-6318-4287-b255-fd4f55df9c32.png
HU,Hungary,1 forint,1993,BP,Common series,0.12,KM# 692,,,,https://static.coinidentifierai.com/app/prod/recognize/subject_side/194657650/88c57357-6648-4f96-9e76-b71aff17237a.png,https://static.coinidentifierai.com/app/prod/recognize/denomination_side/194657650/77c61599-ef47-4f82-975a-56988ee0646f.png
HU,Hungary,50 filler,1991,BP,Common series,0.21,KM# 677,,,,https://static.coinidentifierai.com/app/prod/recognize/subject_side/194657650/4d7d6d1a-0990-4ad6-91ea-664d42cc8e7a.png,https://static.coinidentifierai.com/app/prod/recognize/denomination_side/194657650/9c730c1a-0b17-4612-bf03-28d415ebee18.png
HU,Hungary,20 filler,1990,BP,Common series,0.16,KM# 676,,,,https://static.coinidentifierai.com/app/prod/recognize/subject_side/194657650/d159d922-60ef-4ac4-acbf-0d62da5e9bbd.png,https://static.coinidentifierai.com/app/prod/recognize/denomination_side/194657650/910c6b93-8aaa-49b7-9259-d596485b2107.png
HU,Hungary,10 filler,1992,BP,Common series,0.12,KM# 675,,,,https://static.coinidentifierai.com/app/prod/recognize/subject_side/194657650/1c4a276c-395c-4232-abe4-4de377167310.png,https://static.coinidentifierai.com/app/prod/recognize/denomination_side/194657650/3f2c8487-81eb-4058-8218-e692be1cddec.png
HU,Hungary,50 forint,2006,BP,125th Anniversary - Foundation of the Hungarian Red Cross,3.48,KM# 788,,,,https://static.coinidentifierai.com/app/prod/recognize/subject_side/194657650/65a0b51c-d2a9-417d-894e-a1af564bb89b.png,https://static.coinidentifierai.com/app/prod/recognize/denomination_side/194657650/c46667d9-8506-4db7-90a1-6c94025bf986.png
HU,Hungary,50 forint,2007,BP,50th Anniversary - Signing of the Treaty of Rome,1.82,KM# 805,,,,https://static.coinidentifierai.com/app/prod/recognize/subject_side/194657650/27db5601-0e56-492c-b9de-3c599af2c9b3.png,https://static.coinidentifierai.com/app/prod/recognize/denomination_side/194657650/1063c742-39a3-43b6-8c8e-fb6dd78494ac.png
HU,Hungary,20 forint,2003,BP,200th Anniversary - Birth of Ferenc Deak,4.19,KM# 768,,,,https://static.coinidentifierai.com/app/prod/recognize/subject_side/194657650/a3be9fab-6f23-434f-8f70-1fb424bb412f.png,https://static.coinidentifierai.com/app/prod/recognize/denomination_side/194657650/49e83bc3-48dd-4001-a59f-d6e37a3c83c5.png
HU,Hungary,50 forint,2004,BP,Hungary joining of the European Union,2.22,KM# 773,,,,https://static.coinidentifierai.com/app/prod/recognize/subject_side/194657650/2608f514-771a-46c7-bd1a-4f24bfdd086a.png,https://static.coinidentifierai.com/app/prod/recognize/denomination_side/194657650/aa6e17cc-9041-44e5-8e3b-4b656ad2fde5.png
RO,Romania,100 lei,1943,No mintmark,Common series,0.47,KM# 64,,,,https://static.coinidentifierai.com/app/prod/recognize/subject_side/194657650/76017467-91f4-47f0-bb1b-1798eb8ba5af.png,https://static.coinidentifierai.com/app/prod/recognize/denomination_side/194657650/619e9e60-6bb9-4e79-97e6-40075592d787.png
RO,Romania,5 lei,1978,No mintmark,Common series,0.23,KM# 97,,,,https://static.coinidentifierai.com/app/prod/recognize/subject_side/194657650/75caf75b-8f10-4d1e-ad43-68a71f1d8fd2.png,https://static.coinidentifierai.com/app/prod/recognize/denomination_side/194657650/c8a03005-616f-4fc9-a650-6ccd56319a12.png
RO,Romania,3 lei,1966,No mintmark,Common series,0.22,KM# 96,,,,https://static.coinidentifierai.com/app/prod/recognize/subject_side/194657650/be03180a-7a75-4f1c-8233-e475d90690a6.png,https://static.coinidentifierai.com/app/prod/recognize/denomination_side/194657650/8bad789d-106a-4cb1-a7fb-18de113c26f6.png
RO,Romania,1 leu,1966,No mintmark,Common series,0.24,KM# 95,,,,https://static.coinidentifierai.com/app/prod/recognize/subject_side/194657650/523cdd63-945c-4437-a340-73744881a855.png,https://static.coinidentifierai.com/app/prod/recognize/denomination_side/194657650/be14ee1d-706a-4087-aa15-a7533d12e74f.png
RO,Romania,25 bani,1982,No mintmark,Common series,0.17,KM# 94a,,,,https://static.coinidentifierai.com/app/prod/recognize/subject_side/194657650/5c512a99-b2d8-4194-8bf4-5043e714f099.png,https://static.coinidentifierai.com/app/prod/recognize/denomination_side/194657650/e7a6b90a-bf14-476c-a05e-27d476cb120e.png
RO,Romania,15 bani,1966,No mintmark,Common series,0.19,KM# 93,,,,https://static.coinidentifierai.com/app/prod/recognize/subject_side/194657650/6033c980-043e-4967-9735-3c636fecd2cc.png,https://static.coinidentifierai.com/app/prod/recognize/denomination_side/194657650/d31fff2d-343a-43e2-b6ea-e2a80aadd51d.png
RO,Romania,15 bani,1975,No mintmark,Common series,0.15,KM# 93a,,,,https://static.coinidentifierai.com/app/prod/recognize/subject_side/194657650/e9fedc17-c102-4505-97a9-aacc8fe5d41d.png,https://static.coinidentifierai.com/app/prod/recognize/denomination_side/194657650/d43161ac-f134-43e8-a34f-e1bf8fefcd56.png
RO,Romania,5 bani,1966,No mintmark,Common series,0.18,KM# 92,,,,https://static.coinidentifierai.com/app/prod/recognize/subject_side/194657650/c454f0df-5c79-4e17-b036-d6bc5fdd3670.png,https://static.coinidentifierai.com/app/prod/recognize/denomination_side/194657650/42774939-9144-425b-add7-e11c0961f45e.png
RO,Romania,5 bani,1975,No mintmark,Common series,0.11,KM# 92a,,,,https://static.coinidentifierai.com/app/prod/recognize/subject_side/194657650/c2efa5f0-58e2-4d87-9451-0268e88e5628.png,https://static.coinidentifierai.com/app/prod/recognize/denomination_side/194657650/87a5b5a9-229e-43f7-80f8-68924bd7a0ac.png
RO,Romania,50 bani,2005,No mintmark,Common series,0.19,KM# 192,,,,https://static.coinidentifierai.com/app/prod/recognize/subject_side/194657650/486331b7-d199-4f6b-94c0-8f763605daa8.png,https://static.coinidentifierai.com/app/prod/recognize/denomination_side/194657650/c47e0e0b-6c9b-4c6a-b6db-cd9698bdac30.png
RO,Romania,10 bani,2005,No mintmark,Common series,0.18,KM# 191,,,,https://static.coinidentifierai.com/app/prod/recognize/subject_side/194657650/5910ceaa-5e9e-4f55-839f-b19476d0fb7c.png,https://static.coinidentifierai.com/app/prod/recognize/denomination_side/194657650/e9177a6b-a71f-4857-a874-ad44afd1f35c.png
RO,Romania,100 lei,1992,No mintmark,Common series,0.37,KM# 111,,,,https://static.coinidentifierai.com/app/prod/recognize/subject_side/194657650/7ec57500-12ef-4095-9e20-1f4c2f6416f0.png,https://static.coinidentifierai.com/app/prod/recognize/denomination_side/194657650/065acef6-a2b1-48d5-9b6b-83ddcf3dcfbc.png
RO,Romania,50 lei,1994,No mintmark,Common series,0.42,KM# 110,,,,https://static.coinidentifierai.com/app/prod/recognize/subject_side/194657650/a24a349b-2d66-4738-a695-5cccc0750e91.png,https://static.coinidentifierai.com/app/prod/recognize/denomination_side/194657650/3707f51f-bc70-4b39-b351-49eca733f253.png
RO,Romania,20 lei,1991,No mintmark,Common series,0.29,KM# 109,,,,https://static.coinidentifierai.com/app/prod/recognize/subject_side/194657650/758b3cee-3c57-40f7-aa74-e179d891f535.png,https://static.coinidentifierai.com/app/prod/recognize/denomination_side/194657650/58208d65-b6ae-445d-a8f7-d88314c5ed31.png
RO,Romania,10 lei,1992,No mintmark,Common series,0.27,KM# 108,,,,https://static.coinidentifierai.com/app/prod/recognize/subject_side/194657650/9e857171-c3b8-4298-93e0-11d28c3f2e13.png,https://static.coinidentifierai.com/app/prod/recognize/denomination_side/194657650/4307b90a-a24e-4926-b9e6-b0945aa36eee.png
RO,Romania,5 lei,1994,No mintmark,Common series,0.51,KM# 114,,,,https://static.coinidentifierai.com/app/prod/recognize/subject_side/194657650/4ad31da9-c295-49aa-a08a-de4225929fb6.png,https://static.coinidentifierai.com/app/prod/recognize/denomination_side/194657650/b43e2ab5-04ce-4130-90bd-2f922af0b8bf.png
RO,Romania,1 leu,1993,No mintmark,Common series,0.72,KM# 115,,,,https://static.coinidentifierai.com/app/prod/recognize/subject_side/194657650/d575f8de-d821-4772-96bd-5fda5efbc85f.png,https://static.coinidentifierai.com/app/prod/recognize/denomination_side/194657650/1d64e1be-648a-44a2-b966-2880691a1ed7.png
RO,Romania,1 leu,1992,No mintmark,Common series,0.81,KM# 113,,,,https://static.coinidentifierai.com/app/prod/recognize/subject_side/194657650/be9cbdf6-b630-4a0e-a6a2-8e2ea2c98800.png,https://static.coinidentifierai.com/app/prod/recognize/denomination_side/194657650/87571eda-0f03-431f-8f52-512f31023796.png
RO,Romania,500 lei,2000,Alignment ↑↓,Common series,0.75,KM# 145,,,,https://static.coinidentifierai.com/app/prod/recognize/subject_side/194657650/7e85796b-d115-4a71-b650-ed1f0591b6f0.png,https://static.coinidentifierai.com/app/prod/recognize/denomination_side/194657650/20fad081-7175-42cc-a227-1eef7a66c9d5.png
RO,Romania,1000 lei,2001,No mintmark,Common series,0.34,KM# 153,,,,https://static.coinidentifierai.com/app/prod/recognize/subject_side/194657650/14757d33-d64c-40f7-823a-9e0f62e4b04f.png,https://static.coinidentifierai.com/app/prod/recognize/denomination_side/194657650/99ff88d2-2478-47e4-af7f-3ee45aa2b464.png
RO,Romania,5000 lei,2002,No mintmark,Common series,0.88,KM# 158,,,,https://static.coinidentifierai.com/app/prod/recognize/subject_side/194657650/ee142c21-a9e8-4eac-b0be-38246e85976f.png,https://static.coinidentifierai.com/app/prod/recognize/denomination_side/194657650/7629b007-dfd9-4e8c-83f3-89c6f1af97ec.png
AT,Austria,1 kreuzer,1851,A,Common series,2.13,KM# 2185,,,,https://static.coinidentifierai.com/app/prod/recognize/subject_side/194657650/2f3e9ca2-3219-472a-83b9-6139c031a76d.png,https://static.coinidentifierai.com/app/prod/recognize/denomination_side/194657650/674fcb44-fd48-4779-bd6f-4cd41bb55b14.png
"",Czechoslovakia,1 koruna,1947,No mintmark,Common series,26.37,KM# 22,,,,https://static.coinidentifierai.com/app/prod/recognize/subject_side/194657650/0e78a3e0-0eab-41d6-a010-9d4ba3909a7f.png,https://static.coinidentifierai.com/app/prod/recognize/denomination_side/194657650/a8585262-ef8a-47eb-8afb-31c68380ed83.png
"",Czechoslovakia,1 koruna,1967,No mintmark,Common series,0.15,KM# 50,,,,https://static.coinidentifierai.com/app/prod/recognize/subject_side/194657650/35253e72-f408-48ca-980b-7bcae7483778.png,https://static.coinidentifierai.com/app/prod/recognize/denomination_side/194657650/6ad1ca2e-6209-4612-8c7a-7cca0f069f66.png
"",Czechoslovakia,2 koruny,1974,No mintmark,Common series,0.11,KM# 75,,,,https://static.coinidentifierai.com/app/prod/recognize/subject_side/194657650/8af7f451-7c61-423d-b491-0918eb53ab07.png,https://static.coinidentifierai.com/app/prod/recognize/denomination_side/194657650/0a2dc33d-4476-42c8-8991-7d8fdf95c039.png
"",Czechoslovakia,50 hellers,1969,No mintmark,Common series,0.16,KM# 55.1,,,,https://static.coinidentifierai.com/app/prod/recognize/subject_side/194657650/05492309-5f1c-4c7f-8ce4-9914abdf7ebf.png,https://static.coinidentifierai.com/app/prod/recognize/denomination_side/194657650/6ac28bae-d08b-4796-a19a-f705092d66b6.png
"",Czechoslovakia,20 hellers,1983,No mintmark,Common series,0.21,KM# 74,,,,https://static.coinidentifierai.com/app/prod/recognize/subject_side/194657650/8a24b59b-8c4d-409a-89be-44692e9ce1db.png,https://static.coinidentifierai.com/app/prod/recognize/denomination_side/194657650/ad226cc1-7748-4f4e-9b13-1cabe72fced1.png
"",Czechoslovakia,10 hellers,1968,No mintmark,Common series,0.15,KM# 49.1,,,,https://static.coinidentifierai.com/app/prod/recognize/subject_side/194657650/1bc295a1-2746-4882-8ae7-90d09f3bbd8a.png,https://static.coinidentifierai.com/app/prod/recognize/denomination_side/194657650/9736f45d-7628-489a-ae99-204fbce59891.png
"",Czechoslovakia,10 hellers,1976,No mintmark,Common series,0.13,KM# 80,,,,https://static.coinidentifierai.com/app/prod/recognize/subject_side/194657650/964303ab-d082-415c-aca0-c90fd1bc890b.png,https://static.coinidentifierai.com/app/prod/recognize/denomination_side/194657650/74445db5-3378-4698-8cbc-b5cc9a9e291c.png
"",Czechoslovakia,5 hellers,1963,No mintmark,Common series,0.37,KM# 53,,,,https://static.coinidentifierai.com/app/prod/recognize/subject_side/194657650/7e446531-7b34-4a62-96be-f70a4904adae.png,https://static.coinidentifierai.com/app/prod/recognize/denomination_side/194657650/a5db8ad4-e11d-4b16-9dfa-f9b4d88d6db7.png
"",Czechoslovakia,5 hellers,1978,No mintmark,Common series,0.2,KM# 86,,,,https://static.coinidentifierai.com/app/prod/recognize/subject_side/194657650/9c7d0e4b-3e21-4a15-8dbd-99426acc2688.png,https://static.coinidentifierai.com/app/prod/recognize/denomination_side/194657650/3d8cf555-f82b-4e80-9778-90aac715c143.png
CZ,Czech Republic,20 korun,1999,b’,Common series,0.97,KM# 5,,,,https://static.coinidentifierai.com/app/prod/recognize/subject_side/194657650/72affca8-a301-4e04-8fab-906261f6c4a4.png,https://static.coinidentifierai.com/app/prod/recognize/denomination_side/194657650/0c7e0f01-46ed-4a9e-9d76-8ec761faf3f8.png
CZ,Czech Republic,10 korun,2000,b’,Millennium - Year 2000,0.78,KM# 42,,,,https://static.coinidentifierai.com/app/prod/recognize/subject_side/194657650/2d40be10-10d0-4fb5-93d8-bd281de0d1b5.png,https://static.coinidentifierai.com/app/prod/recognize/denomination_side/194657650/c2573c84-e40d-45a5-88d8-1f56c7d11b54.png
CZ,Czech Republic,2 koruny,1996,b’,Common series,0.14,KM# 9,,,,https://static.coinidentifierai.com/app/prod/recognize/subject_side/194657650/a53767f3-95f1-421f-b8b4-ab5e848f6147.png,https://static.coinidentifierai.com/app/prod/recognize/denomination_side/194657650/0a1ccbf7-85ab-4190-9fb7-740d00141457.png
CZ,Czech Republic,5 korun,1994,Leaf,Common series,0.31,KM# 8,,,,https://static.coinidentifierai.com/app/prod/recognize/subject_side/194657650/3cac2dd7-61e4-433e-af19-1c034092b551.png,https://static.coinidentifierai.com/app/prod/recognize/denomination_side/194657650/871e972d-d99e-40a9-afd8-ff09fab56ff8.png
CZ,Czech Republic,1 koruna,1993,leaf,Common series,0.16,KM# 7,,,,https://static.coinidentifierai.com/app/prod/recognize/subject_side/194657650/bb891a7b-0d51-42fe-9908-0e836aaee213.png,https://static.coinidentifierai.com/app/prod/recognize/denomination_side/194657650/3815b126-e0af-4d1f-bca5-ad2489c49d16.png
CZ,Czech Republic,50 hellers,1993,Castle,Common series,0.15,KM# 3,,,,https://static.coinidentifierai.com/app/prod/recognize/subject_side/194657650/dccb07fc-30ac-4cd9-8632-0ba00bc8e979.png,https://static.coinidentifierai.com/app/prod/recognize/denomination_side/194657650/87301d0e-41a1-47ef-b919-caeef8d8bf4a.png
CZ,Czech Republic,20 hellers,1996,b’,Common series,0.15,KM# 2.1,,,,https://static.coinidentifierai.com/app/prod/recognize/subject_side/194657650/8a558bb2-b939-4aad-ac1d-7ea15181920f.png,https://static.coinidentifierai.com/app/prod/recognize/denomination_side/194657650/e27f430b-1c50-424c-9e97-5e62acd770f6.png
CZ,Czech Republic,10 hellers,1994,b’,Common series,0.13,KM# 6,,,,https://static.coinidentifierai.com/app/prod/recognize/subject_side/194657650/d4462294-1e74-4d5b-83fc-8ab1c56f2cd9.png,https://static.coinidentifierai.com/app/prod/recognize/denomination_side/194657650/c8a5f7b4-2422-451d-b154-6eb0421575ae.png
SK,Slovakia,10 korun,1993,MK,Common series,0.44,KM# 11.1,,,,https://static.coinidentifierai.com/app/prod/recognize/subject_side/194657650/02cfa7b6-b0bc-4775-bc0e-0580770f1af2.png,https://static.coinidentifierai.com/app/prod/recognize/denomination_side/194657650/5ee8ecdb-6201-4f52-a971-7fedaf1076d2.png
SK,Slovakia,2 koruny,1993,MK,Common series,0.18,KM# 13,,,,https://static.coinidentifierai.com/app/prod/recognize/subject_side/194657650/0c0d96f1-bbd4-45a8-99d3-82164ac56efe.png,https://static.coinidentifierai.com/app/prod/recognize/denomination_side/194657650/302a0ec2-a1dd-4b10-a5a1-a4e6d4e6658d.png
SK,Slovakia,5 korun,1993,MK,Common series,0.24,KM# 14,,,,https://static.coinidentifierai.com/app/prod/recognize/subject_side/194657650/3b70f889-4c09-4852-80d5-ad66408abd42.png,https://static.coinidentifierai.com/app/prod/recognize/denomination_side/194657650/8205e85e-694c-4a1e-beac-b9f80d750dc2.png
SK,Slovakia,1 koruna,1993,MK,Common series,0.14,KM# 12,,,,https://static.coinidentifierai.com/app/prod/recognize/subject_side/194657650/f9691ac2-4ec9-4e9b-a045-b035aacfbe2b.png,https://static.coinidentifierai.com/app/prod/recognize/denomination_side/194657650/f372745b-74d8-4a6b-b7f5-083ffefa06c7.png
SK,Slovakia,50 halierov,1993,MK,Common series,0.21,KM# 15,,,,https://static.coinidentifierai.com/app/prod/recognize/subject_side/194657650/c4cf3d33-e50b-4e96-90e3-75d7aeb9ebf3.png,https://static.coinidentifierai.com/app/prod/recognize/denomination_side/194657650/048d5298-3912-4e2c-a395-6fefb5c23142.png
SK,Slovakia,20 halierov,1994,MK,Common series,0.12,KM# 18,,,,https://static.coinidentifierai.com/app/prod/recognize/subject_side/194657650/b37f72fa-2130-42d6-b903-21f1ee26b9cd.png,https://static.coinidentifierai.com/app/prod/recognize/denomination_side/194657650/a01424b7-c1f6-496f-a819-f0548718360a.png
SK,Slovakia,10 halierov,1994,MK,Common series,0.17,KM# 17,,,,https://static.coinidentifierai.com/app/prod/recognize/subject_side/194657650/208cf2dc-cef8-445a-946d-ef7fa72b6362.png,https://static.coinidentifierai.com/app/prod/recognize/denomination_side/194657650/10c4efb9-cf6a-4871-8a47-29e83388f8a3.png
RS,Serbia,20 dinara,2003,No mintmark,Common series,0.59,KM# 38,,,,https://static.coinidentifierai.com/app/prod/recognize/subject_side/194657650/84670736-0451-429f-a528-872ba8344b1e.png,https://static.coinidentifierai.com/app/prod/recognize/denomination_side/194657650/52b8a957-7ead-474d-8d00-d3ff31974fb2.png
RS,Serbia,10 dinara,2005,No mintmark,Common series,0.78,KM# 41,,,,https://static.coinidentifierai.com/app/prod/recognize/subject_side/194657650/21b229bc-7aeb-450d-acca-0d9fbcb9f3fd.png,https://static.coinidentifierai.com/app/prod/recognize/denomination_side/194657650/d5e80431-866b-4698-bc30-718d67afee9e.png
YU,Yugoslavia,5 dinara,2000,No mintmark,Common series,0.39,KM# 182,,,,https://static.coinidentifierai.com/app/prod/recognize/subject_side/194657650/fabf1d26-5222-4f8f-938f-2147e68c53ac.png,https://static.coinidentifierai.com/app/prod/recognize/denomination_side/194657650/92b0be23-27e1-4447-bd64-6e8f7bfea716.png
RS,Serbia,5 dinara,2003,No mintmark,Common series,0.46,KM# 36,,,,https://static.coinidentifierai.com/app/prod/recognize/subject_side/194657650/84039e55-50c3-467d-a6ba-2099fa7b73d8.png,https://static.coinidentifierai.com/app/prod/recognize/denomination_side/194657650/9e50417f-bb72-49b9-9a7f-2a9c19fbece5.png
RS,Serbia,5 dinara,2005,No mintmark,Common series,0.32,KM# 40,,,,https://static.coinidentifierai.com/app/prod/recognize/subject_side/194657650/11406b7d-cc7b-44d7-b5d0-e6a0ae0d6f1f.png,https://static.coinidentifierai.com/app/prod/recognize/denomination_side/194657650/c1ab03b4-b1e3-4442-862c-756e68818e60.png
YU,Yugoslavia,2 dinara,2002,No mintmark,Common series,0.32,KM# 181,,,,https://static.coinidentifierai.com/app/prod/recognize/subject_side/194657650/bef0a0d9-1c2b-4758-9f74-5cd3fc2ac4b4.png,https://static.coinidentifierai.com/app/prod/recognize/denomination_side/194657650/357d518b-61f5-4fab-aafd-f7483b9795fb.png
YU,Yugoslavia,1 novi dinar,1996,No mintmark,Common series,0.27,KM# 168,,,,https://static.coinidentifierai.com/app/prod/recognize/subject_side/194657650/b3e6e45b-453c-4d82-905e-7bf70529e15d.png,https://static.coinidentifierai.com/app/prod/recognize/denomination_side/194657650/826c2b98-bbca-494a-bc97-d6ee34f486f1.png
YU,Yugoslavia,1 novi dinar,1994,No mintmark,Common series,0.34,KM# 165,,,,https://static.coinidentifierai.com/app/prod/recognize/subject_side/194657650/dce9db35-11c6-4bb3-b081-885af6c1a7a0.png,https://static.coinidentifierai.com/app/prod/recognize/denomination_side/194657650/83269d00-2bbe-459b-a050-80bc20f12d63.png
YU,Yugoslavia,1 dinar,2002,No mintmark,Common series,0.44,KM# 180,,,,https://static.coinidentifierai.com/app/prod/recognize/subject_side/194657650/c0c4883d-0eb6-45af-8f76-d46ed212e21c.png,https://static.coinidentifierai.com/app/prod/recognize/denomination_side/194657650/58aee89f-173b-4d06-8a6b-d2e543b851aa.png
YU,Yugoslavia,50 para,1994,No mintmark,Common series,0.22,KM# 163,,,,https://static.coinidentifierai.com/app/prod/recognize/subject_side/194657650/95f46db3-1f55-477b-8b46-d762b446fce0.png,https://static.coinidentifierai.com/app/prod/recognize/denomination_side/194657650/28f48e56-e1aa-4812-a5f8-0bbf819d5ca0.png
YU,Yugoslavia,50 para,1995,No mintmark,Common series,0.92,KM# 163a,,,,https://static.coinidentifierai.com/app/prod/recognize/subject_side/194657650/63fe6f71-9974-45c2-ae53-9b77a1a29131.png,https://static.coinidentifierai.com/app/prod/recognize/denomination_side/194657650/a4c91f3a-ea67-4a1f-b882-6cdfeaab4317.png
YU,Yugoslavia,50 para,1998,No mintmark,Common series,0.5,KM# 174,,,,https://static.coinidentifierai.com/app/prod/recognize/subject_side/194657650/dd25400b-94cf-434a-b2ac-14a6b1feaaec.png,https://static.coinidentifierai.com/app/prod/recognize/denomination_side/194657650/5d250e05-6573-4b09-b6e9-b59aed08caeb.png
YU,Yugoslavia,10 para,1997,No mintmark,Common series,1.61,KM# 173,,,,https://static.coinidentifierai.com/app/prod/recognize/subject_side/194657650/ae806c36-252a-4a9b-a0c3-53bbe7665dd8.png,https://static.coinidentifierai.com/app/prod/recognize/denomination_side/194657650/a3e8a3dc-fea0-4056-bd99-e35d4327ba44.png
RS,Serbia,1 dinar,2005,No mintmark,Common series,0.17,KM# 39,,,,https://static.coinidentifierai.com/app/prod/recognize/subject_side/194657650/dc8449e1-92e3-479d-8bd4-5ba8761f7b69.png,https://static.coinidentifierai.com/app/prod/recognize/denomination_side/194657650/61bc9468-e35a-458f-8a51-28fd106b0ce9.png
YU,Yugoslavia,5 para,1996,No mintmark,Common series,2.04,KM# 164.2,,,,https://static.coinidentifierai.com/app/prod/recognize/subject_side/194657650/a9dddf21-60f9-4a90-9ef1-eb5729e28d09.png,https://static.coinidentifierai.com/app/prod/recognize/denomination_side/194657650/fbe0ed36-e322-416c-aba4-1d8d9f6e869a.png
YU,Yugoslavia,100 dinara,1988,No mintmark,Common series,0.41,KM# 114,,,,https://static.coinidentifierai.com/app/prod/recognize/subject_side/194657650/9ef4e990-faff-45f0-bd1f-5afd0b511a7d.png,https://static.coinidentifierai.com/app/prod/recognize/denomination_side/194657650/348f6319-42f7-4266-96ec-9989bbc588fe.png
YU,Yugoslavia,100 dinara,1988,No mintmark,Common series,0.38,KM# 134,,,,https://static.coinidentifierai.com/app/prod/recognize/subject_side/194657650/0f4a8921-81a1-425a-a0ee-ec7b2e0d7fc3.png,https://static.coinidentifierai.com/app/prod/recognize/denomination_side/194657650/500215fc-a648-48d4-9879-50fc2de535aa.png
YU,Yugoslavia,50 dinara,1986,No mintmark,Common series,0.26,KM# 113,,,,https://static.coinidentifierai.com/app/prod/recognize/subject_side/194657650/2f412b22-a058-4f1d-9d97-247a7f990229.png,https://static.coinidentifierai.com/app/prod/recognize/denomination_side/194657650/9425bf3c-5774-4d58-94c6-55dcae455ed6.png
YU,Yugoslavia,2 dinara,1984,No mintmark,Common series,0.29,KM# 87,,,,https://static.coinidentifierai.com/app/prod/recognize/subject_side/194657650/53ceaf13-343c-4501-8c80-ba3511e3cf84.png,https://static.coinidentifierai.com/app/prod/recognize/denomination_side/194657650/3daa7fe4-09ff-405d-89b3-00df9ec0859b.png
YU,Yugoslavia,1 dinar,1973,No mintmark,Common series,0.17,KM# 59,,,,https://static.coinidentifierai.com/app/prod/recognize/subject_side/194657650/c05dac20-cd9a-40ac-a047-c177075a1e40.png,https://static.coinidentifierai.com/app/prod/recognize/denomination_side/194657650/c59be825-bdfb-4b20-b94c-ef56e8ca852d.png
YU,Yugoslavia,1 dinar,1983,No mintmark,Common series,0.16,KM# 86,,,,https://static.coinidentifierai.com/app/prod/recognize/subject_side/194657650/bc0f27d7-f9a8-4ebb-ad69-d96e11ddb8dc.png,https://static.coinidentifierai.com/app/prod/recognize/denomination_side/194657650/b625f112-45cb-44d9-a668-ef63a99fb6e4.png
YU,Yugoslavia,10 para,1981,No mintmark,Common series,0.15,KM# 44,,,,https://static.coinidentifierai.com/app/prod/recognize/subject_side/194657650/6fb5684d-ade2-482c-9064-efd7c74c2827.png,https://static.coinidentifierai.com/app/prod/recognize/denomination_side/194657650/0d001a83-bd99-487d-a4e1-3f17176373fb.png
YU,Yugoslavia,5 para,1974,No mintmark,Common series,0.76,KM# 43,,,,https://static.coinidentifierai.com/app/prod/recognize/subject_side/194657650/ed20cb53-1c00-4de4-b071-ed7a545e313f.png,https://static.coinidentifierai.com/app/prod/recognize/denomination_side/194657650/8f3e1c7e-b2ad-457e-b64a-4570f08c87cf.png
AT,Austria,10 schilling,1980,No mintmark,Common series,0.99,KM# 2918,,,,https://static.coinidentifierai.com/app/prod/recognize/subject_side/194657650/964417ab-859a-4491-bd59-ec204752f28d.png,https://static.coinidentifierai.com/app/prod/recognize/denomination_side/194657650/6e499486-8cb2-4a44-b2cf-2f48d503b4d5.png
AT,Austria,5 schilling,1982,No mintmark,Common series,0.99,KM# 2889a,,,,https://static.coinidentifierai.com/app/prod/recognize/subject_side/194657650/d204ecca-acd3-4f24-b765-ce19141818a0.png,https://static.coinidentifierai.com/app/prod/recognize/denomination_side/194657650/7bfcc7f0-b93e-4a5e-835c-70a7ecf0a7fb.png
AT,Austria,1 schilling,1978,No mintmark,Common series,0.22,KM# 2886,,,,https://static.coinidentifierai.com/app/prod/recognize/subject_side/194657650/5d3ef6f6-e09a-493f-9cf1-120292344dae.png,https://static.coinidentifierai.com/app/prod/recognize/denomination_side/194657650/72c2e1bc-2572-4ed3-9731-70f317a66310.png
AT,Austria,50 groschen,1988,No mintmark,Common series,0.46,KM# 2885,,,,https://static.coinidentifierai.com/app/prod/recognize/subject_side/194657650/dbb74a48-d3b2-4224-a206-28a4a2adda71.png,https://static.coinidentifierai.com/app/prod/recognize/denomination_side/194657650/a6a15457-66bc-4650-9214-9a67898f5871.png
AT,Austria,10 groschen,1965,No mintmark,Common series,0.16,KM# 2878,,,,https://static.coinidentifierai.com/app/prod/recognize/subject_side/194657650/c0275216-b74f-4850-b7a1-da8215c568b6.png,https://static.coinidentifierai.com/app/prod/recognize/denomination_side/194657650/d021f890-ad1b-44b0-befe-9cc69b3b1582.png
PL,Poland,10 zlotych,1984,MW,Bolesław Prus,0.18,,,,,https://static.coinidentifierai.com/app/prod/recognize/subject_side/194657650/9e61a2a1-7d73-4768-b732-1cb3b3ebad0f.png,https://static.coinidentifierai.com/app/prod/recognize/denomination_side/194657650/559e2d70-4da5-413f-9c9e-8e6fe08b2377.png
PL,Poland,10 zlotych,1988,MW,Common series,0.21,,,,,https://static.coinidentifierai.com/app/prod/recognize/subject_side/194657650/db551f5a-a1c4-49af-9f7c-79ea56bdaf20.png,https://static.coinidentifierai.com/app/prod/recognize/denomination_side/194657650/78520d22-89f2-4600-a134-2973ff180d2f.png
PL,Poland,5 zlotych,1976,No mintmark,Common series,0.15,,,,,https://static.coinidentifierai.com/app/prod/recognize/subject_side/194657650/1309a085-5a2c-4ab8-a2ed-61a0845050f9.png,https://static.coinidentifierai.com/app/prod/recognize/denomination_side/194657650/e40b2c91-dcdb-4553-8e37-41c5c410da99.png
PL,Poland,2 zlote,1979,MW,Common series,0.15,,,,,https://static.coinidentifierai.com/app/prod/recognize/subject_side/194657650/86e52c0e-e7da-4a1c-bb5d-f86f7210d023.png,https://static.coinidentifierai.com/app/prod/recognize/denomination_side/194657650/c36f4222-259e-4f7f-9ae5-6583a4d0faa2.png
PL,Poland,50 groszy,1923,No mintmark,Common series,0.51,,,,,https://static.coinidentifierai.com/app/prod/recognize/subject_side/194657650/9275e4be-6905-4cc1-9e9c-faaddc9044ed.png,https://static.coinidentifierai.com/app/prod/recognize/denomination_side/194657650/56553f3b-7e1b-4b32-b8fa-f01b27baa8d1.png
IT,Italy,500 lire,1985,R,Common series,0.37,KM# 111,,,,https://static.coinidentifierai.com/app/prod/recognize/subject_side/194657650/0cce90fa-1441-4722-b53b-8b48586fce9b.png,https://static.coinidentifierai.com/app/prod/recognize/denomination_side/194657650/816906b8-9f94-4082-9dff-428045a98897.png
IT,Italy,100 lire,1957,R,Common series,0.16,,,,,https://static.coinidentifierai.com/app/prod/recognize/subject_side/194657650/07310bb1-35c6-42b0-be5e-ff2d5b0a65a7.png,https://static.coinidentifierai.com/app/prod/recognize/denomination_side/194657650/c0fcbce8-64fb-4c65-b7e7-1f5ac7ce4e81.png
IT,Italy,200 lire,1978,R,Common series,0.26,KM# 105,,,,https://static.coinidentifierai.com/app/prod/recognize/subject_side/194657650/a6562f84-24ce-416f-90db-fdce88e4a7f4.png,https://static.coinidentifierai.com/app/prod/recognize/denomination_side/194657650/3722c53b-6f5a-403e-b599-35d2b302b8a9.png
IT,Italy,50 lire,1964,R,Common series,0.26,,,,,https://static.coinidentifierai.com/app/prod/recognize/subject_side/194657650/6b8a1321-bd3a-4bfa-a660-4255196076b7.png,https://static.coinidentifierai.com/app/prod/recognize/denomination_side/194657650/40bbaa2d-2990-439b-8a98-1ebd3556ea23.png
IT,Italy,100 lire,1991,R,Common series,0.12,,,,,https://static.coinidentifierai.com/app/prod/recognize/subject_side/194657650/230fc303-da57-423d-a527-ec918edc0018.png,https://static.coinidentifierai.com/app/prod/recognize/denomination_side/194657650/d91137f3-07c1-4d51-9eca-6b1bce9d4547.png
IT,Italy,10 lire,1954,R,Common series,0.21,KM# 93,,,,https://static.coinidentifierai.com/app/prod/recognize/subject_side/194657650/8e6bd2aa-3fa9-4873-b240-81c2b0a1e06b.png,https://static.coinidentifierai.com/app/prod/recognize/denomination_side/194657650/569e2373-5b2c-4aba-863e-b6a68fd65235.png
IT,Italy,5 lire,1952,R,Common series,0.14,KM# 92,,,,https://static.coinidentifierai.com/app/prod/recognize/subject_side/194657650/cfd2bec1-80a7-4300-9229-1c293bd71964.png,https://static.coinidentifierai.com/app/prod/recognize/denomination_side/194657650/a4218537-8cba-47ad-89d6-870b82343311.png
PL,Poland,5 zlotych,1994,No mintmark,Common series,1.26,,,,,https://static.coinidentifierai.com/app/prod/recognize/subject_side/194657650/d1c4df5f-a73b-440e-bf50-63bd0780d407.png,https://static.coinidentifierai.com/app/prod/recognize/denomination_side/194657650/c3d6b875-d902-45cd-97d3-c35e937bc216.png
PL,Poland,2 zlote,1994,No mintmark,Common series,0.52,,,,,https://static.coinidentifierai.com/app/prod/recognize/subject_side/194657650/a6094526-197d-4837-81de-4e6d1ec6bf0d.png,https://static.coinidentifierai.com/app/prod/recognize/denomination_side/194657650/b2766b6e-a921-4ba5-84a5-bc7175715b55.png
PL,Poland,50 groszy,1991,No mintmark,Common series,0.18,,,,,https://static.coinidentifierai.com/app/prod/recognize/subject_side/194657650/5b8604ba-bf2f-4891-9c3f-ee78b8b093a9.png,https://static.coinidentifierai.com/app/prod/recognize/denomination_side/194657650/f0c176e5-e5da-4059-b537-b2ed8de2c6e7.png
PL,Poland,20 groszy,1997,No mintmark,Common series,0.09,,,,,https://static.coinidentifierai.com/app/prod/recognize/subject_side/194657650/804bd8f1-4f80-412e-b302-8ad4f3d93ad2.png,https://static.coinidentifierai.com/app/prod/recognize/denomination_side/194657650/ff8662e2-9af6-4193-8a81-d311fba46cfc.png
PL,Poland,10 groszy,1991,No mintmark,Common series,0.08,,,,,https://static.coinidentifierai.com/app/prod/recognize/subject_side/194657650/0b5dc026-f34b-4175-92f9-0e5d9b210a55.png,https://static.coinidentifierai.com/app/prod/recognize/denomination_side/194657650/a0a9fa2a-112e-478b-b4e6-17919668f47f.png
PL,Poland,5 groszy,1993,No mintmark,Common series,0.16,,,,,https://static.coinidentifierai.com/app/prod/recognize/subject_side/194657650/17b2f7d8-3887-4a0b-90a5-fb172d745c79.png,https://static.coinidentifierai.com/app/prod/recognize/denomination_side/194657650/349f4a01-4395-48dd-98d1-33c94fae7031.png
PL,Poland,2 grosze,1990,No mintmark,Common series,0.22,,,,,https://static.coinidentifierai.com/app/prod/recognize/subject_side/194657650/7cb87033-e376-4e89-b29d-7027f358cdd4.png,https://static.coinidentifierai.com/app/prod/recognize/denomination_side/194657650/caea970d-6aee-40d1-9999-a5ecb279521f.png
PL,Poland,1 grosz,1999,No mintmark,Common series,0.08,,,,,https://static.coinidentifierai.com/app/prod/recognize/subject_side/194657650/629e3f99-fb95-4c4e-80d9-02c21bd4df37.png,https://static.coinidentifierai.com/app/prod/recognize/denomination_side/194657650/6c5a8106-dbd0-49d8-829e-b6a9c683940d.png
PL,Poland,1 zloty,1994,MW,Common series,0.27,,,,,https://static.coinidentifierai.com/app/prod/recognize/subject_side/194657650/ebf0f3cd-8a77-404b-910b-32abafda265d.png,https://static.coinidentifierai.com/app/prod/recognize/denomination_side/194657650/9581d5dd-dc45-4e4f-87f0-32f11134e02b.png
HR,Croatia,5 kuna,1997,No mintmark,Common series,1.57,KM# 11,,,,https://static.coinidentifierai.com/app/prod/recognize/subject_side/194657650/8c18e0bc-4f75-4bc7-9c00-f57bca1eb350.png,https://static.coinidentifierai.com/app/prod/recognize/denomination_side/194657650/37bfb09c-e12a-42a3-bb79-ba99ae4787e6.png
HR,Croatia,2 kune,1996,No mintmark,Common series,0.64,KM# 21,,,,https://static.coinidentifierai.com/app/prod/recognize/subject_side/194657650/1b053f05-5fb2-47bf-a661-782977b529a4.png,https://static.coinidentifierai.com/app/prod/recognize/denomination_side/194657650/0d986175-524a-478d-a559-4f4a4f365a3e.png
HR,Croatia,1 kuna,1993,No mintmark,Common series,0.21,KM# 9.1,,,,https://static.coinidentifierai.com/app/prod/recognize/subject_side/194657650/bd5e908d-45a5-4cb4-a190-0f7508f5f88f.png,https://static.coinidentifierai.com/app/prod/recognize/denomination_side/194657650/a9bdc869-e69e-44f5-9fbc-7b4cc38f9a1e.png
HR,Croatia,50 lipa,2003,No mintmark,Common series,0.25,KM# 8,,,,https://static.coinidentifierai.com/app/prod/recognize/subject_side/194657650/b039f77d-85bc-4f64-bea9-3de405f1d061.png,https://static.coinidentifierai.com/app/prod/recognize/denomination_side/194657650/b07058ab-78e4-4dcd-bee2-40a71fab8ec1.png
HR,Croatia,20 lipa,2003,No mintmark,Common series,0.15,KM# 7,,,,https://static.coinidentifierai.com/app/prod/recognize/subject_side/194657650/c201d695-f0a3-4dc9-ae6a-2d5169de7a92.png,https://static.coinidentifierai.com/app/prod/recognize/denomination_side/194657650/c00858a6-1642-4b4b-b451-c99e18409363.png
HR,Croatia,5 lipa,2003,No mintmark,Common series,0.16,KM# 5,,,,https://static.coinidentifierai.com/app/prod/recognize/subject_side/194657650/b9c61d78-3ac9-461b-8eb5-7b50e0f45233.png,https://static.coinidentifierai.com/app/prod/recognize/denomination_side/194657650/264d0be8-394d-4fe8-9626-047693c3beb2.png
HR,Croatia,10 lipa,1999,No mintmark,Common series,0.18,KM# 6,,,,https://static.coinidentifierai.com/app/prod/recognize/subject_side/194657650/77c71171-06e9-4e05-87cd-50173e93c404.png,https://static.coinidentifierai.com/app/prod/recognize/denomination_side/194657650/51426be2-51e1-4daf-9b22-161b74bf3a54.png
MX,Mexico,2 pesos,2000,M,Common series,0.52,KM# 604,,,,https://static.coinidentifierai.com/app/prod/recognize/subject_side/194657650/9d2e280f-685a-4998-a9d8-3a0e50e01fd1.png,https://static.coinidentifierai.com/app/prod/recognize/denomination_side/194657650/b441e51b-573b-4cba-b50e-13922a96f586.png
DE,Germany,1 mark,1986,D,Common series,0.51,KM# 110,,,,https://static.coinidentifierai.com/app/prod/recognize/subject_side/194657650/9a04507e-486a-4192-86c1-7246389ff857.png,https://static.coinidentifierai.com/app/prod/recognize/denomination_side/194657650/b5738fee-583a-4d31-a098-9b989c64c735.png
DE,Germany,50 pfennig,1972,D,Common series,0.17,KM# 109,,,,https://static.coinidentifierai.com/app/prod/recognize/subject_side/194657650/8920f487-b2f8-4a98-a50f-345ea4485bf6.png,https://static.coinidentifierai.com/app/prod/recognize/denomination_side/194657650/ae3257da-550a-4c88-aac4-44f496d5141d.png
DE,Germany,10 pfennig,1993,A,Common series,0.18,KM# 108,,,,https://static.coinidentifierai.com/app/prod/recognize/subject_side/194657650/0053f016-4489-40fc-ac2b-d71a986f9d84.png,https://static.coinidentifierai.com/app/prod/recognize/denomination_side/194657650/16ce021d-2514-44fb-9b65-7bf7115420a1.png
DE,Germany,5 pfennig,1979,D,Common series,0.11,KM# 107,,,,https://static.coinidentifierai.com/app/prod/recognize/subject_side/194657650/ff779bbe-4d30-4c0f-9cac-4acf20677225.png,https://static.coinidentifierai.com/app/prod/recognize/denomination_side/194657650/427a64f6-952b-4e93-b969-9890eb3e2381.png
DE,Germany,1 pfennig,1950,D,Common series,0.12,KM# 105,,,,https://static.coinidentifierai.com/app/prod/recognize/subject_side/194657650/99174a1a-2f20-442a-9ab4-85d6fb099f44.png,https://static.coinidentifierai.com/app/prod/recognize/denomination_side/194657650/11812890-53bc-45e6-8d7c-81495062ae79.png
DE,Germany,1 pfennig,1983,D,Common series,0.13,KM# 105,,,,https://static.coinidentifierai.com/app/prod/recognize/subject_side/194657650/01edc049-38e6-441b-abf1-a7cd69701360.png,https://static.coinidentifierai.com/app/prod/recognize/denomination_side/194657650/ef6f988e-20f5-4753-9fda-466306b4db56.png
DE,Germany - GDR,1 pfennig,1968,A,Common series,0.07,KM# 8.1,,,,https://static.coinidentifierai.com/app/prod/recognize/subject_side/194657650/093800a9-82a9-4c8b-84f5-b74a9c077833.png,https://static.coinidentifierai.com/app/prod/recognize/denomination_side/194657650/08d841f8-0185-40fd-8f33-88b0a3769c49.png
DE,Germany,2 pfennig,1986,D,Common series,0.19,,,,,https://static.coinidentifierai.com/app/prod/recognize/subject_side/194657650/97f4cec4-b8cf-45e6-b14b-5466df916580.png,https://static.coinidentifierai.com/app/prod/recognize/denomination_side/194657650/cc726744-5b4d-4593-9413-e845272ffa58.png
DE,Germany,2 mark,1977,D,Konrad Adenauer. 20th Anniversary - Federal Republic (1949 - 1969),3.06,KM# 124,,,,https://static.coinidentifierai.com/app/prod/recognize/subject_side/194657650/cbd9e96e-6487-4e39-80f4-568e279ca6d0.png,https://static.coinidentifierai.com/app/prod/recognize/denomination_side/194657650/908165ab-adbe-4ce3-a73b-85ef604ed710.png
BG,Bulgaria,20 stotinki,1999,No mintmark,Common series,0.21,KM# 241,,,,https://static.coinidentifierai.com/app/prod/recognize/subject_side/194657650/ee26d38d-ce98-4873-be53-bd5f334d3b78.png,https://static.coinidentifierai.com/app/prod/recognize/denomination_side/194657650/28e75026-9af6-46ee-bf75-d92f81b878a9.png
BG,Bulgaria,5 stotinki,2000,No mintmark,Common series,0.26,KM# 239,,,,https://static.coinidentifierai.com/app/prod/recognize/subject_side/194657650/d743983c-e683-4ef5-b229-b2c8a8c26e3b.png,https://static.coinidentifierai.com/app/prod/recognize/denomination_side/194657650/75aaa7a6-242e-476a-8cde-b136c2f3d9af.png
BG,Bulgaria,2 stotinki,2000,No mintmark,Common series,0.12,KM# 238a,,,,https://static.coinidentifierai.com/app/prod/recognize/subject_side/194657650/d0fb9340-1c59-45d7-99ca-5f0c0982342f.png,https://static.coinidentifierai.com/app/prod/recognize/denomination_side/194657650/ec1a8a2b-4b95-4e53-a04d-fe15acaac8d2.png
BG,Bulgaria,10 stotinki,1999,No mintmark,Common series,0.15,KM# 240,,,,https://static.coinidentifierai.com/app/prod/recognize/subject_side/194657650/3794a8fe-a215-409c-9c80-0539fb35df9c.png,https://static.coinidentifierai.com/app/prod/recognize/denomination_side/194657650/8281ffb2-2a5c-4e78-8336-4d01fe969c55.png
BG,Bulgaria,10 stotinki,1974,No mintmark,Common series,0.13,KM# 87,,,,https://static.coinidentifierai.com/app/prod/recognize/subject_side/194657650/ea0ffeb6-6720-4716-b988-3e572dac3d2d.png,https://static.coinidentifierai.com/app/prod/recognize/denomination_side/194657650/5bf59ccf-0d57-43f9-a81e-afdd034715dc.png
FI,Finland,1 markka,1993,M,Common series,0.23,KM# 76,,,,https://static.coinidentifierai.com/app/prod/recognize/subject_side/194657650/0c0b6919-235a-4771-b41c-721a340a9837.png,https://static.coinidentifierai.com/app/prod/recognize/denomination_side/194657650/9a7a20af-f48a-45e8-b7f4-1c5c1926ae37.png
FI,Finland,50 penniä,1991,M,Common series,0.34,KM# 66,,,,https://static.coinidentifierai.com/app/prod/recognize/subject_side/194657650/3fe37967-f9f9-475f-b294-e8e71387fe3b.png,https://static.coinidentifierai.com/app/prod/recognize/denomination_side/194657650/a64900a6-5168-48f7-b0ff-6ca6de5aa74c.png
FI,Finland,10 penniä,1995,M,Common series,0.14,KM# 65,,,,https://static.coinidentifierai.com/app/prod/recognize/subject_side/194657650/cadbf071-aa75-4ef5-941a-376846987200.png,https://static.coinidentifierai.com/app/prod/recognize/denomination_side/194657650/c46f1555-57e7-44ee-beb1-5157c47a5c24.png
NL,Netherlands,2½ gulden,1988,No mintmark,Common series,1.3,KM# 206,,,,https://static.coinidentifierai.com/app/prod/recognize/subject_side/194657650/1111918c-f676-41ce-a9fb-5322648a9887.png,https://static.coinidentifierai.com/app/prod/recognize/denomination_side/194657650/697591a1-cfae-4dd6-ba7e-75c7a70822c6.png
NL,Netherlands,1 gulden,1978,No mintmark,Common series,0.35,KM# 184a,,,,https://static.coinidentifierai.com/app/prod/recognize/subject_side/194657650/b72ce10e-d7a9-4ac9-acc8-280ee416acca.png,https://static.coinidentifierai.com/app/prod/recognize/denomination_side/194657650/9ab77a0a-0a54-42be-815e-baf146cebdac.png
NL,Netherlands,25 cents,1973,No mintmark,Common series,0.15,KM# 183,,,,https://static.coinidentifierai.com/app/prod/recognize/subject_side/194657650/98e6723f-e885-4e79-9b0e-fc2b6ee81b14.png,https://static.coinidentifierai.com/app/prod/recognize/denomination_side/194657650/ed51e06a-dd09-4f7d-9dfc-febc5afb0498.png
NL,Netherlands,10 cents,1980,No mintmark,Common series,0.14,KM# 182,,,,https://static.coinidentifierai.com/app/prod/recognize/subject_side/194657650/9a7379f5-abac-4573-b998-2ede82fc3afa.png,https://static.coinidentifierai.com/app/prod/recognize/denomination_side/194657650/6adcf2c8-59a5-4c0f-851c-d99ca6e984d2.png
NL,Netherlands,5 cents,1991,No mintmark,Common series,0.14,KM# 202,,,,https://static.coinidentifierai.com/app/prod/recognize/subject_side/194657650/c25441d1-97db-45c3-9da0-1f3e3adbd176.png,https://static.coinidentifierai.com/app/prod/recognize/denomination_side/194657650/0f77a356-057e-4be4-8822-dfe9b6c1ebb5.png
NL,Netherlands,1 cent,1960,No mintmark,Common series,0.11,KM# 180,,,,https://static.coinidentifierai.com/app/prod/recognize/subject_side/194657650/efb44f19-5c3d-4ebb-b28d-18a79d7290bd.png,https://static.coinidentifierai.com/app/prod/recognize/denomination_side/194657650/3cf739ad-e145-48ba-8954-8bfc0a9015f2.png
NL,Netherlands,5 cents,1979,No mintmark,Common series,0.13,KM# 181,,,,https://static.coinidentifierai.com/app/prod/recognize/subject_side/194657650/ac61feb7-9a4b-4ba0-8323-11158c2050de.png,https://static.coinidentifierai.com/app/prod/recognize/denomination_side/194657650/290c4c2b-d829-4456-9908-5acb24d66b50.png
NL,Netherlands,25 cents,1998,No mintmark,Common series,0.19,KM# 204,,,,https://static.coinidentifierai.com/app/prod/recognize/subject_side/194657650/41b5c441-3362-4635-a37a-e6ea995c83e3.png,https://static.coinidentifierai.com/app/prod/recognize/denomination_side/194657650/d15502eb-6eee-4f8d-a5b4-59c70c9b7141.png
TR,Turkey,1000 lira,1990,No mintmark,Common series,0.19,KM# 997,,,,https://static.coinidentifierai.com/app/prod/recognize/subject_side/194657650/a8c629ee-b349-4843-8d89-ff83347d5d92.png,https://static.coinidentifierai.com/app/prod/recognize/denomination_side/194657650/79b6ac10-46b7-43db-90ea-1b07c255b412.png
BA,Bosnia and Herzegovina,5 feninga,2005,No mintmark,Common series,0.37,KM# 121,,,,https://static.coinidentifierai.com/app/prod/recognize/subject_side/194657650/7c7049c2-dba2-4f7b-a9b7-507c97f0349d.png,https://static.coinidentifierai.com/app/prod/recognize/denomination_side/194657650/f970636d-021d-4bb4-8323-15ea2c84fb8b.png
BA,Bosnia and Herzegovina,10 feninga,1998,No mintmark,Common series,0.24,KM# 115,,,,https://static.coinidentifierai.com/app/prod/recognize/subject_side/194657650/27201c48-ca98-4a71-9a91-56481a9b680b.png,https://static.coinidentifierai.com/app/prod/recognize/denomination_side/194657650/2016fd84-ab0f-4b87-a115-bafb931af767.png
BA,Bosnia and Herzegovina,20 feninga,2004,No mintmark,Common series,0.4,KM# 116,,,,https://static.coinidentifierai.com/app/prod/recognize/subject_side/194657650/95e97607-a3c8-4912-a539-cc9c6e04cf28.png,https://static.coinidentifierai.com/app/prod/recognize/denomination_side/194657650/6169b4fc-0a34-4b34-8a5f-573297d037de.png
BA,Bosnia and Herzegovina,50 feninga,1998,No mintmark,Common series,0.87,KM# 117,,,,https://static.coinidentifierai.com/app/prod/recognize/subject_side/194657650/d435f6d0-d480-4e41-88ca-40d9449066e3.png,https://static.coinidentifierai.com/app/prod/recognize/denomination_side/194657650/9c8ace28-cdc7-480c-a386-59c749e83da9.png
BA,Bosnia and Herzegovina,1 marka,2002,No mintmark,Common series,0.69,KM# 118,,,,https://static.coinidentifierai.com/app/prod/recognize/subject_side/194657650/351f0d8f-0b8d-4749-89a0-0cc043496f3a.png,https://static.coinidentifierai.com/app/prod/recognize/denomination_side/194657650/e6cf4b53-e92d-4018-bc23-1504cf40ba47.png
DE,Germany,5 euro cent,2002,A,Common series,0.05,KM# 209,,,,https://static.coinidentifierai.com/app/prod/recognize/subject_side/194657650/60a135b9-4327-4016-b796-b4251e5af2e3.png,https://static.coinidentifierai.com/app/prod/recognize/denomination_side/194657650/caae608d-234c-41ae-803c-dd0ccff17d73.png
IE,Ireland,5 euro cent,2002,No mintmark,Common series,0.05,KM# 34,,,,https://static.coinidentifierai.com/app/prod/recognize/subject_side/194657650/92cca9e8-0bf4-4e00-8e8f-0eb8f501a841.png,https://static.coinidentifierai.com/app/prod/recognize/denomination_side/194657650/63dd253e-a045-4af8-b519-fad0fb8485b7.png
AT,Austria,2 euro cent,2004,No mintmark,Common series,0.02,KM# 3083,,,,https://static.coinidentifierai.com/app/prod/recognize/subject_side/194657650/8daf7922-5a12-4783-81d6-47f7cd1cfbcc.png,https://static.coinidentifierai.com/app/prod/recognize/denomination_side/194657650/cba5b5cb-ccba-497e-ad4c-b5bbaf33f07c.png
IT,Italy,2 euro cent,2002,R,Common series,0.05,KM# 211,,,,https://static.coinidentifierai.com/app/prod/recognize/subject_side/194657650/b4a65a29-adb6-4468-9d32-5b52d209611f.png,https://static.coinidentifierai.com/app/prod/recognize/denomination_side/194657650/9fc99d82-5fd3-451b-bc3a-6e06b79a10c1.png
AT,Austria,10 euro cent,2002,No mintmark,Common series,0.11,KM# 3085,,,,https://static.coinidentifierai.com/app/prod/recognize/subject_side/194657650/09092f31-b769-46bd-b206-6c65d878fcf4.png,https://static.coinidentifierai.com/app/prod/recognize/denomination_side/194657650/14f7586e-1ee3-4ebc-a4cd-94f5c52faced.png
FR,France,1 euro cent,1999,No mintmark,Common series,0.02,KM# 1282,,,,https://static.coinidentifierai.com/app/prod/recognize/subject_side/194657650/b86013b9-095f-4963-bf4f-ba5ba84dedfd.png,https://static.coinidentifierai.com/app/prod/recognize/denomination_side/194657650/8f4682af-b6a5-4235-9698-3c9bdd125dc2.png
IT,Italy,10 euro cent,2002,R,Common series,0.11,KM# 213,,,,https://static.coinidentifierai.com/app/prod/recognize/subject_side/194657650/8c176bfb-72fd-4fc4-9ea4-01c4cc601868.png,https://static.coinidentifierai.com/app/prod/recognize/denomination_side/194657650/c5f60ebb-5c55-4fcf-b9d1-20e3c31badd4.png
IT,Italy,50 euro cent,2002,R,Common series,0.54,KM# 215,,,,https://static.coinidentifierai.com/app/prod/recognize/subject_side/194657650/bf4b1b5f-69ac-4b78-8f5c-282ca769b5d7.png,https://static.coinidentifierai.com/app/prod/recognize/denomination_side/194657650/2c30e73a-406d-4e99-8518-746ee3ea28a2.png
AT,Austria,20 euro cent,2002,No mintmark,Common series,0.21,KM# 3086,,,,https://static.coinidentifierai.com/app/prod/recognize/subject_side/194657650/2d76acaf-bbc7-4964-8c98-849037711321.png,https://static.coinidentifierai.com/app/prod/recognize/denomination_side/194657650/373d59d6-1fff-4f25-b1d0-ba5cd5c75a00.png
AT,Austria,5 euro cent,2007,No mintmark,Common series,0.05,KM# 3084,,,,https://static.coinidentifierai.com/app/prod/recognize/subject_side/194657650/0f59449c-27fc-4589-b694-4c4581198fae.png,https://static.coinidentifierai.com/app/prod/recognize/denomination_side/194657650/dd292796-6053-49b1-a668-83d8a077eaba.png
GR,Greece,10 euro cent,2002,No mintmark,Common series,0.12,KM# 184,,,,https://static.coinidentifierai.com/app/prod/recognize/subject_side/194657650/64d3dece-da02-4402-be38-f8b614b3b78b.png,https://static.coinidentifierai.com/app/prod/recognize/denomination_side/194657650/dd410198-14da-44c4-8396-ba1ecf2a24c4.png
DE,Germany,2 euro cent,2010,A,Common series,0.04,KM# 208,,,,https://static.coinidentifierai.com/app/prod/recognize/subject_side/194657650/9f5258f9-629d-441b-bce6-818535085d23.png,https://static.coinidentifierai.com/app/prod/recognize/denomination_side/194657650/4f129016-6392-4dec-9d41-1de8d80fa391.png
BE,Belgium,2 euro cent,2000,No mintmark,Common series,0.02,KM# 225,,,,https://static.coinidentifierai.com/app/prod/recognize/subject_side/194657650/e60006d3-edc0-465e-b6cd-305a11904315.png,https://static.coinidentifierai.com/app/prod/recognize/denomination_side/194657650/4ce08e33-1ae6-4a77-8bd0-63c16f9fef60.png
AT,Austria,1 euro cent,2005,No mintmark,Common series,0.02,KM# 3082,,,,https://static.coinidentifierai.com/app/prod/recognize/subject_side/194657650/4b852046-e010-41bd-9d15-5e670dde2876.png,https://static.coinidentifierai.com/app/prod/recognize/denomination_side/194657650/275fb291-6a3b-414e-ad3a-e7e1ec49e6d9.png
SK,Slovakia,2 euro cent,2009,MK,Common series,0.07,KM# 96,,,,https://static.coinidentifierai.com/app/prod/recognize/subject_side/194657650/62ee58c3-4a77-42e8-8465-5733cc5859eb.png,https://static.coinidentifierai.com/app/prod/recognize/denomination_side/194657650/add24157-661b-4bb3-89ed-d349e27cb60a.png
SK,Slovakia,1 euro cent,2009,MK,Common series,0.06,KM# 95,,,,https://static.coinidentifierai.com/app/prod/recognize/subject_side/194657650/1ae276b4-1f84-4e29-bcf7-8c5cb263d9c5.png,https://static.coinidentifierai.com/app/prod/recognize/denomination_side/194657650/f235bd9d-eafb-4ba3-abb9-0d5fd08b56e4.png
ES,Spain,1 euro cent,2006,M,Common series,0.01,KM# 1040,,,,https://static.coinidentifierai.com/app/prod/recognize/subject_side/194657650/68fa6390-3ff7-4f56-8568-723db07395af.png,https://static.coinidentifierai.com/app/prod/recognize/denomination_side/194657650/cad46e3f-a205-4bd1-8238-b763992419c8.png
FR,France,20 centimes,1997,No mintmark,Common series,0.16,KM# 930,,,,https://static.coinidentifierai.com/app/prod/recognize/subject_side/194657650/0f7b9488-d849-497c-ad22-03393b65d7f9.png,https://static.coinidentifierai.com/app/prod/recognize/denomination_side/194657650/da79dfea-ca57-4eaf-96a2-3523fd0694a4.png
FR,France,5 centimes,1935,No mintmark,Common series,0.44,,,,,https://static.coinidentifierai.com/app/prod/recognize/subject_side/194657650/610534ad-8681-48da-ba2f-8b840dbadfe8.png,https://static.coinidentifierai.com/app/prod/recognize/denomination_side/194657650/fe22dd32-be4f-489e-9c7b-25945c4d8f6c.png
FR,France,10 francs,1991,Alignment ↑↑,Common series,0.17,KM# 964,,,,https://static.coinidentifierai.com/app/prod/recognize/subject_side/194657650/83dc8c23-83eb-48bc-9987-cb1f651ed72e.png,https://static.coinidentifierai.com/app/prod/recognize/denomination_side/194657650/79634a78-a0b4-4f1f-a64d-4a61a72c5090.png
FR,France,½ franc,1974,No mintmark,Common series,0.26,KM# 931,,,,https://static.coinidentifierai.com/app/prod/recognize/subject_side/194657650/11467356-a002-463e-93d0-e5c71f37a749.png,https://static.coinidentifierai.com/app/prod/recognize/denomination_side/194657650/0e99b457-a734-4d4d-b5c8-cf229891eb86.png
FR,France,2 francs,1979,No mintmark,Common series,0.27,KM# 942.1,,,,https://static.coinidentifierai.com/app/prod/recognize/subject_side/194657650/a82c029e-f412-46cd-a58f-06348e584756.png,https://static.coinidentifierai.com/app/prod/recognize/denomination_side/194657650/159979c0-7cc1-4581-b509-63d6b89c16da.png
FR,France,5 francs,1971,No mintmark,Common series,0.23,,,,,https://static.coinidentifierai.com/app/prod/recognize/subject_side/194657650/a2494be7-c3d6-4258-b4b9-65a7b37019ac.png,https://static.coinidentifierai.com/app/prod/recognize/denomination_side/194657650/9a7fc3b2-4c25-4d69-8342-65a3c405e3c1.png
FR,France,1 franc,1960,No mintmark,Common series,0.17,KM# 925,,,,https://static.coinidentifierai.com/app/prod/recognize/subject_side/194657650/c3a3612c-6fcf-4f2b-bea3-b387d8c9b159.png,https://static.coinidentifierai.com/app/prod/recognize/denomination_side/194657650/0c33cd4f-55f2-4c1f-9efa-55798a06f238.png
IQ,Iraq,250 fils,1981,No mintmark,Common series,1.13,KM# 147,,,,https://static.coinidentifierai.com/app/prod/recognize/subject_side/194657650/f0c1440e-7686-4781-8d43-4869aa5bd568.png,https://static.coinidentifierai.com/app/prod/recognize/denomination_side/194657650/d3f35d60-97d2-4dbd-99df-53f37349d15c.png
IQ,Iraq,50 fils,1981,No mintmark,Common series,0.53,KM# 128,,,,https://static.coinidentifierai.com/app/prod/recognize/subject_side/194657650/326c032e-e36b-447b-a1a2-2e538cbd16bd.png,https://static.coinidentifierai.com/app/prod/recognize/denomination_side/194657650/32050de2-69e9-443f-9444-9f41be98d3bc.png
NO,Norway,10 kroner,1995,No mintmark,Common series,1.21,KM# 457,,,,https://static.coinidentifierai.com/app/prod/recognize/subject_side/194657650/7fb6bf78-01e4-4609-bbe0-84d6c2876b84.png,https://static.coinidentifierai.com/app/prod/recognize/denomination_side/194657650/7e05bc79-e40f-42b0-9b11-eb7f85ec28c5.png
NO,Norway,5 kroner,1998,No mintmark,Common series,0.62,KM# 463,,,,https://static.coinidentifierai.com/app/prod/recognize/subject_side/194657650/621dbee4-fed6-4f7a-890c-8ae9bdb28618.png,https://static.coinidentifierai.com/app/prod/recognize/denomination_side/194657650/c43fb9b7-5be9-4ec1-af70-0fb195372e47.png
NO,Norway,1 krone,1997,No mintmark,Common series,0.24,KM# 462,,,,https://static.coinidentifierai.com/app/prod/recognize/subject_side/194657650/7566ab9b-204f-4951-a145-93d48e5cfab9.png,https://static.coinidentifierai.com/app/prod/recognize/denomination_side/194657650/a3b8a861-dac2-4e7c-8a74-3429ef14ef54.png
NO,Norway,50 öre,1999,JJE,Common series,0.28,KM# 460,,,,https://static.coinidentifierai.com/app/prod/recognize/subject_side/194657650/12c4a0cb-2556-432b-bb1f-8966b55a4d3a.png,https://static.coinidentifierai.com/app/prod/recognize/denomination_side/194657650/a8f19590-2af3-4016-ae4f-4deadd69eb43.png
DK,Denmark,5 kroner,1997,♥ LG,Common series,1.11,KM# 869,,,,https://static.coinidentifierai.com/app/prod/recognize/subject_side/194657650/cd7dd07f-0bed-4fba-9fb8-9c78d83d649e.png,https://static.coinidentifierai.com/app/prod/recognize/denomination_side/194657650/7edce885-2875-4d39-a530-c49b60173fad.png
DK,Denmark,50 öre,1989,♥ NR,Common series,0.21,KM# 866,,,,https://static.coinidentifierai.com/app/prod/recognize/subject_side/194657650/9bae7e2e-d6b9-4063-9084-bf9fd95ceec4.png,https://static.coinidentifierai.com/app/prod/recognize/denomination_side/194657650/c9fb6240-ca63-4ef9-8df7-2fe7de69c7fd.png
DK,Denmark,25 öre,1994,♥ LG,Common series,0.18,KM# 868,,,,https://static.coinidentifierai.com/app/prod/recognize/subject_side/194657650/5de6b701-846b-4d6a-8643-ace973ddf7c1.png,https://static.coinidentifierai.com/app/prod/recognize/denomination_side/194657650/7ab32c74-ae12-47e9-b2b4-749c83f21b75.png
SE,Sweden,1 krona,1998,B,Common series,0.37,KM# 852a,,,,https://static.coinidentifierai.com/app/prod/recognize/subject_side/194657650/95d5d9cc-e96d-498c-9277-1466555d4ebb.png,https://static.coinidentifierai.com/app/prod/recognize/denomination_side/194657650/9583bfc9-a412-4454-b46a-710e4d7d4f8c.png
SE,Sweden,1 krona,1973,U,Common series,0.26,KM# 826a,,,,https://static.coinidentifierai.com/app/prod/recognize/subject_side/194657650/624d6902-03e4-4280-bc73-ddce5a10b42e.png,https://static.coinidentifierai.com/app/prod/recognize/denomination_side/194657650/0de2494d-a0c1-4932-b895-f0210a67de86.png
SI,Slovenia,2 tolarja,1998,No mintmark,Common series,0.54,KM# 5,,,,https://static.coinidentifierai.com/app/prod/recognize/subject_side/194657650/36a49e6a-eab7-4596-b6ef-4e297f5d44e1.png,https://static.coinidentifierai.com/app/prod/recognize/denomination_side/194657650/9b9d2164-23ab-4827-9f67-ba8c02caccc0.png
SI,Slovenia,1 tolar,1995,No mintmark,Common series,0.22,KM# 4,,,,https://static.coinidentifierai.com/app/prod/recognize/subject_side/194657650/11b140fd-5746-4698-8460-2ed48f841f2e.png,https://static.coinidentifierai.com/app/prod/recognize/denomination_side/194657650/3bd52ff4-f0f1-4262-8e2f-38815b86c224.png
SI,Slovenia,5 tolarjev,1998,No mintmark,Common series,0.36,KM# 6,,,,https://static.coinidentifierai.com/app/prod/recognize/subject_side/194657650/3007c78c-aaee-443e-b068-791ea146a629.png,https://static.coinidentifierai.com/app/prod/recognize/denomination_side/194657650/bac208c3-c174-4442-93be-859f4fe512e2.png
AU,Australia,20 cents,1981,No mintmark,Common series,0.55,KM# 66,,,,https://static.coinidentifierai.com/app/prod/recognize/subject_side/194657650/f485f75d-3919-404c-a985-ce5b4be8c35d.png,https://static.coinidentifierai.com/app/prod/recognize/denomination_side/194657650/1c04ceb8-b94c-4349-945e-316d1e967a31.png
AU,Australia,10 cents,2002,No mintmark,Common series,0.93,KM# 402,,,,https://static.coinidentifierai.com/app/prod/recognize/subject_side/194657650/800260aa-ad5e-4a93-b514-42e57623e861.png,https://static.coinidentifierai.com/app/prod/recognize/denomination_side/194657650/e06d038b-dbae-4fd8-8c6f-38773a756b49.png
KR,South Korea,100 won,1993,No mintmark,Common series,0.22,KM# 35,,,,https://static.coinidentifierai.com/app/prod/recognize/subject_side/194657650/bbeef435-3c82-4c94-a44a-f1b3b8552d48.png,https://static.coinidentifierai.com/app/prod/recognize/denomination_side/194657650/84100efc-3088-46fb-8b3e-c4f0b603bfda.png
KR,South Korea,50 won,2003,No mintmark,Common series,0.18,KM# 34,,,,https://static.coinidentifierai.com/app/prod/recognize/subject_side/194657650/197d8daf-d268-439f-bacf-a0ca9584e390.png,https://static.coinidentifierai.com/app/prod/recognize/denomination_side/194657650/742947b6-9d2d-49f4-91f6-13283b0ae9e7.png
KR,South Korea,10 won,1989,No mintmark,Common series,0.2,KM# 33,,,,https://static.coinidentifierai.com/app/prod/recognize/subject_side/194657650/42072382-4a5b-4eac-8cbc-2147524e49a6.png,https://static.coinidentifierai.com/app/prod/recognize/denomination_side/194657650/b7752d35-d4f7-4479-8f16-29e160eac06e.png
KR,South Korea,10 won,2011,No mintmark,Common series,0.21,KM# 103,,,,https://static.coinidentifierai.com/app/prod/recognize/subject_side/194657650/e466a71a-06d5-4d8c-95d3-926fa8692238.png,https://static.coinidentifierai.com/app/prod/recognize/denomination_side/194657650/c80ba570-6c04-4eb4-be47-e7e3e835a5da.png
TW,Taiwan,1 dollar,2006,No mintmark,Common series,0.19,,,,,https://static.coinidentifierai.com/app/prod/recognize/subject_side/194657650/d7c9e2ab-5c22-4d81-9121-7d5ef0bbb27c.png,https://static.coinidentifierai.com/app/prod/recognize/denomination_side/194657650/1ef079b8-8634-4a56-92f8-48f2aeb9a203.png
CH,Switzerland,20 rappen,1988,B,Common series,0.52,,,,,https://static.coinidentifierai.com/app/prod/recognize/subject_side/194657650/d416d299-1d51-444b-8f84-25a704783ad6.png,https://static.coinidentifierai.com/app/prod/recognize/denomination_side/194657650/c5fa389c-1c8a-4d4d-b226-e9533e94077d.png
CH,Switzerland,10 rappen,1993,B,Common series,0.3,,,,,https://static.coinidentifierai.com/app/prod/recognize/subject_side/194657650/7cabe79a-5e9f-4f91-aaa0-26676f95e4a9.png,https://static.coinidentifierai.com/app/prod/recognize/denomination_side/194657650/375f4c7c-8eb3-4caa-bd8b-905230095875.png
US,USA,1 cent,1964,No mintmark,Lincoln Memorial Penny,0.1,,,,,https://static.coinidentifierai.com/app/prod/recognize/subject_side/194657650/a97c3412-ae0b-4e66-a6dc-eeb22b83cc16.png,https://static.coinidentifierai.com/app/prod/recognize/denomination_side/194657650/0659d767-8342-47a0-bd60-75ae48637cac.png
US,USA,1 dime,1969,No mintmark,Roosevelt Dime,0.36,,,,,https://static.coinidentifierai.com/app/prod/recognize/subject_side/194657650/17d5e7f3-571e-483e-80ca-fd45c3effc80.png,https://static.coinidentifierai.com/app/prod/recognize/denomination_side/194657650/bf396b9c-cc20-4f72-bb12-a344efe7b2ee.png
US,USA,5 cents,1990,D,Classic Jefferson Nickel,0.12,,,,,https://static.coinidentifierai.com/app/prod/recognize/subject_side/194657650/6d8b9f09-c19a-4e35-961f-e30034ab3337.png,https://static.coinidentifierai.com/app/prod/recognize/denomination_side/194657650/c01caca2-d02e-45f4-b89a-90373702d658.png
GB,United Kingdom,20 pence,1987,No mintmark,Common series,0.51,KM# 939,,,,https://static.coinidentifierai.com/app/prod/recognize/subject_side/194657650/a49f9d47-b6e9-4be3-9f58-c8b3040feddd.png,https://static.coinidentifierai.com/app/prod/recognize/denomination_side/194657650/a52c7ecc-e864-40ad-a588-85487fa191c2.png
GB,United Kingdom,2 new pence,1971,No mintmark,Common series,0.13,KM# 916,,,,https://static.coinidentifierai.com/app/prod/recognize/subject_side/194657650/f830eeb6-1320-44a7-b5a6-c16d7fb1fdb0.png,https://static.coinidentifierai.com/app/prod/recognize/denomination_side/194657650/55c36055-b42e-45e4-92b8-267c6586b79d.png
GB,United Kingdom,1 penny,2001,No mintmark,Common series,0.08,,,,,https://static.coinidentifierai.com/app/prod/recognize/subject_side/194657650/bdfe410d-6eae-4ba1-81f0-7ea45b3aacf7.png,https://static.coinidentifierai.com/app/prod/recognize/denomination_side/194657650/0c9ff15a-00f7-452f-bef6-4dca7b6f5d89.png
ES,Spain,25 pesetas,1992,M,Expo'92 Sevilla /King Juan Carlos I/,1.06,KM# 904,,,,https://static.coinidentifierai.com/app/prod/recognize/subject_side/194657650/decbfd75-dddd-4b40-8c3c-659273921b7e.png,https://static.coinidentifierai.com/app/prod/recognize/denomination_side/194657650/85bb865f-cbad-40ce-979c-b79fa6f2fc52.png
ES,Spain,1 peseta,1991,M,Common series,0.22,KM# 832,,,,https://static.coinidentifierai.com/app/prod/recognize/subject_side/194657650/9b8bd618-0ac3-44f4-b682-72f3000da60c.png,https://static.coinidentifierai.com/app/prod/recognize/denomination_side/194657650/db226472-0713-4921-9eee-0f0e7a330773.png
TR,Turkey,10 kurus,2013,No mintmark,Common series,0.08,KM# 1241,,,,https://static.coinidentifierai.com/app/prod/recognize/subject_side/194657650/0f9dc035-601f-4fa2-988f-384c59ba97a3.png,https://static.coinidentifierai.com/app/prod/recognize/denomination_side/194657650/24a07011-854b-4334-9a17-c76430da52e1.png
